variable,10064000,10073000,10080900,10099800,10100000,14100000,14420000,14710000,15275100,15400000,15860000,17050001,17730000,30030000,40800000,01BO001,05AD007,05AK001,05CC002,05CE001,05CK004,05GG001,05KJ001,05MH005,05MJ001,05OC001,05OJ010,05TG003,07BK006,07CD001,07DD001,07HA001,07NB001,08CB001,08KA004,08MC018,08MF035,08MH024,10CC002,10CD001,10ED002,10LC014,10MC002,01036390,01049265,01059400,01138500,01154500,01184000,01193050,01331095,01335764,01335770,01349527,01357500,01372007,01427510,01428500,01438500,01443000,01444800,01454700,01457500,01460820,01463500,01474010,01531500,01534090,01551500,01553500,01553990,01567000,01576000,01578310,01618000,01636500,01638500,01668000,02024752,02035000,02037618,02096960,02102000,0210215985,02105769,02148315,02171650,02198500,02210500,02215500,02223600,02226010,02226160,02234500,02236000,02272500,02272502,02337445,02338000,02338500,02342881,02344040,02349605,02352790,02353000,02356000,02356015,02358000,02359170,02397100,02397530,02420000,02437500,02449000,02469762,02470500,02489500,03016000,03026175,03030852,03036500,03044000,03049652,03063000,03071700,03075070,03083500,03085000,03086000,03107500,03109670,03112510,03150000,03176500,03201300,03216600,03245500,03284000,03303280,03321500,03373500,03374100,03378500,03425000,03609750,03612500,03612600,04024000,04040018,04057004,04057005,04067500,04067648,04067651,04073500,04084445,04085054,04085059,040851385,04099000,04101500,04102080,04102533,04106906,04119300,04119400,04120250,04122150,04126010,04126520,04132052,04135020,04156510,04157000,04157005,04191500,04192500,04193500,04219501,04219640,04231600,04248250,04264331,05054000,05064500,05082500,05288500,05321995,05325000,05330000,05330920,05331580,05333500,05340500,05355250,05374900,05378500,05389500,05416100,05418600,05420500,05427085,05427570,05437500,05440700,05442200,05446500,05451500,05453100,05454500,05463050,05465500,05474000,05481650,05490500,05490600,05508000,05520500,05526000,05527500,05537980,05543500,05548500,05549600,05550000,05551540,05552500,05553500,05556200,05558300,05558995,05559600,05559900,05563800,05570520,05583000,05586100,05586300,05587060,05587455,05587500,05595000,06054500,06089000,06115200,06191500,06192500,06214500,06236100,06264700,06274300,06279500,06295000,06324500,06324710,06326500,06329500,06341000,06342500,06438500,06440000,06452000,06470830,06470875,06485500,06486000,06607500,06610505,06630000,06643500,06720500,06758500,06770500,06796000,06799350,06800500,06805500,06807000,06817700,06818000,06887500,06889000,06892350,06893000,06902000,06909000,06916600,06926510,06930800,06934500,06935965,06937000,07005500,07010000,07019000,07019280,07020500,07022000,07032000,07040130,07046600,07047810,07057370,07060500,07068000,07069000,07074500,07077000,07146500,07161000,07185000,07188000,07240200,07249455,07250550,07258000,07261260,07263620,07265283,07288700,07288800,07288955,07295100,07316000,07331600,07337000,07344350,07350500,07351930,07355500,07355600,07359500,07359580,07362000,07367640,07373420,07374000,07374400,07374525,07381490,07381495,08012150,08041000,08057448,08067000,08067252,08069500,08098290,08114000,08116650,08313000,08313150,08330000,08331000,08354900,08358400,08450900,08459200,08461300,09058000,09070500,09095500,09152500,09163500,09180500,09205000,09209400,09251100,09260050,09315000,09380000,09415230,09427520,09429490,09518000,09522000,10126000,10350500,11075610,11078000,11274000,11303500,11389500,11407150,11467000,12200500,12309500,12322000,12340500,12351200,12352500,12353000,12354500,12363000,12369000,12388700,12391950,12392000,12400520,12413500,12413810,12413860,12415135,12415140,12417610,12419000,12447200,12472900,12473520,12509050,13013650,13037500,13060000,13069500,13081500,13090000,13154500,13172500,13213100,13251000,13269000,13317000,13334300,13336500,13340000,13340600,13342500,13353200,14128910,14211720,14246900,15266300,15292780,15356000,15389000,15453500,15515500,15565447,322023090544500,431510077363501,Bansin Intake,Chongyang Bridge,Cinhi Bridge,Ciulan Bridge,Dadu Bridge,Danshuei River Mouth,Fuchou Bridge,Gaopingda Bridge,Guoshen Bridge,Gwandu Bridge,Huajhian Bridge,Huajhong Bridge,Hualienda Bridge,Jhongshou Bridge.,Lanyangda Bridge,Ligangda Bridge,Linko Bridge,Marsonda Bridge,Minchiuda Bridge,Rueisueida Bridge,Sanying Bridge,Shuangyuanda Bridge,Sigangda Bridge,Sinlanda Bridge,Taitungda Bridge,Wandada Bridge,Zengwun River Mouth
(Intercept),0.880714236803129,0.858821833278313,1.82196190154471,1.34632409595497,1.6506546765781,1.76891481008127,0.649207439408347,1.15732870025463,1.26351687343717,0.67655558676176,1.83777813593342,0.49935962328327,0.921647273862669,0.529819777365103,0.864375507206097,-1.80421473296185,-0.938069140712952,-0.615135792863702,-0.615623033250694,1.8041299491013,1.04485184732318,1.05891680332379,-24.7317662561977,-0.456276542012539,3.06230316043657,2.43921288524867,-4.20768635179807,-1.83464631746774,2.57942260373956,4.37362267301663,2.6771182564665,-6.72103776573646,1.37933637659319,-1.34492423546062,0.0769094542747317,0.0694114487419795,-0.00759745078004181,0.594798226541213,2.29423863877355,3.01436910790138,1.42810022487817,0.94715150227171,0.968887049460161,0.325208829167606,0.338454373257266,0.655528861025437,0.733859303935029,-0.715574188757935,-0.844246607111356,1.92936861299658,-0.248534868445609,1.10862363696039,-0.260884747329748,1.01969943052466,0.263486014938145,1.45171164933439,2.13197987244948,-0.488701444006342,0.163576413586689,0.340103982549925,0.722238716075952,0.717075429021076,-0.165015105535938,0.437699753951677,-1.12781694083618,0.779451541429629,0.0378409323881483,1.09211574808079,0.650260436358592,0.621064909739357,0.177429637321824,-0.313065902935768,1.18687922234902,-0.168092676847761,0.982378060935729,0.459909623663633,-0.471130722928688,0.439335130359845,1.10829662722886,-0.0705797933252212,0.55861575702733,-0.471524405693337,0.959958068636752,1.09498315408654,1.14294364362268,1.22857933336873,0.911223461101161,1.15319374482652,0.287639491177063,1.14778364475525,0.4981847942591,0.483689918088691,1.24488930398405,0.844564019054032,0.941579004744647,0.892086941487121,0.842263238399829,0.660774629509871,0.679020136632727,0.642869841669303,0.832632829119867,0.588023202894103,0.198312283870793,0.579384623891016,0.336376847966879,0.750372306377262,0.0522547907030718,0.66769461549994,1.46580558596885,1.62067577952426,0.765859702898187,1.36981535372292,2.04873707551467,2.10832628205844,0.603710201390244,1.20221809763019,0.196872148461066,0.731923250267015,0.0882543072884878,0.703342375548695,0.666424036185781,0.0615757544035009,0.286941009215016,0.93082242982615,0.627010803598832,0.905508762632642,0.927869701066279,0.994125631901311,0.114163650118193,1.19927629829166,0.967922478418575,0.847945411709908,0.8029171190134,0.962645173549464,1.26351897711221,-0.16588793242959,0.888477363172936,-0.449645986745252,-0.475400258147483,-1.11652353685062,0.46719368355018,1.4342191546021,1.54930977165281,0.575966926477095,0.89184607420371,0.0830762407493133,-0.0685630975511904,0.46769934554715,-0.19979117418686,0.737701545558882,1.44886287822707,0.695523619227489,0.718804897007787,0.903538769557735,1.17510603055129,0.674995859787651,1.02435064708749,5.72270853299436,1.05222053806629,0.843789165436381,2.12256421287983,-0.339154673956578,1.8047103841877,1.44907137389952,1.56736458275361,1.02265774882679,1.37761697987275,2.09069881086001,0.907917866734443,0.861011056068795,0.566711321827345,0.626287494579977,0.946381743839052,0.637174659057367,1.41722242187949,-4.61759806207984,0.845833054528272,-1.43506811976146,0.883188127887299,0.209428771669067,1.01069030210128,1.04382909306606,0.0207261410417993,1.93058511702736,0.699534458210442,0.763790158662065,4.48661388414096,2.64943695020999,1.54308942895337,2.08551529689744,2.00276411171946,1.08622688345289,0.593751817671719,0.950175069191401,1.63684777010038,2.20319343502985,6.10902221104583,0.642416573326787,1.94999218116054,1.16413859089121,0.857206517226167,10.0607808029044,1.42074589833342,0.500077289316566,1.65567452700647,1.71069693584503,1.31189372646203,5.15970475800783,2.43519810271455,-0.624510878627654,1.54195533609157,0.655208336289726,0.0508317544421533,1.47153942206461,1.07048222501393,-0.459379773116915,0.855516778049615,1.07154330593295,0.6765610955694,-0.202739990788349,1.26214825150968,0.692313665757327,-2.51047988712365,1.55155665717881,1.55820154568921,1.72019035919035,0.623079963159085,1.8079491301383,0.375017414585022,0.212094552877005,1.76418258177359,1.12967501428184,1.80132566268491,1.85506095450471,0.795227166785629,1.57125436849675,0.163902015714861,0.177251549138119,0.486843036772843,1.12291179511993,0.366546085536339,2.78339609784046,1.11213747966445,1.69168380234737,0.157360635790798,-0.684063160220458,0.00131493850419551,1.44510541215338,-0.433758656994676,0.984428620641888,-0.377169171618729,0.70355523600412,0.00523148946439234,3.22721785313368,57.87317501707,2.4106755963481,0.249627487733373,0.00849621246790311,1.94013549327296,2.61897534120051,0.396454246607914,1.34214071112374,1.78890819994688,1.71877791991855,0.950872931597104,0.969789373876949,1.05208947923824,0.257778622525852,-0.409206740659081,0.971193802516977,2.29073920435572,0.571862682251999,1.84440127710905,2.16209443149766,-2.8585467241692,2.07356383010731,2.11809356006561,1.7931167549178,0.982233622330236,2.21096894677188,2.04241431148596,-1.13145249830302,0.735629550673453,1.99031703054878,0.300303564462148,2.06582437552372,1.78921340763193,1.18262553866219,1.00491226408063,1.03139194441785,1.93588951231369,1.64757292608334,1.16452810182618,0.904781605635921,-0.186599581477409,1.3321311819726,0.776019984854147,1.19516934735822,2.17444486354331,1.37378575910072,0.268002149117016,0.61292059799347,0.62613259775865,1.09700138361937,1.02933072551217,0.728265037612459,-2.32764781215701,1.67332015962805,2.80742697493279,1.73219900529348,2.20359352261957,1.69439553527336,1.91727123247174,1.67813153032077,0.938500493718946,1.18636021793362,0.344928670136067,1.17449595209238,1.18012386354566,1.89275705695509,2.16388836572815,1.19990410333499,1.17510970708524,1.72500463931594,1.14051948099535,1.28175950750526,-0.882184596333313,0.656502502000373,1.55378380541126,0.239257118791687,2.7924705202976,0.748844704787591,0.768681147638224,2.8544141838071,-3.04246757671195,0.680056240874627,0.680143850912188,0.540574016248712,0.830009168469727,1.33764438916352,0.58947351609525,1.5818998230971,0.18463575992979,1.71800594171001,0.81690140315804,0.985096203846639,1.51985196067224,-2.30873883048945,1.7786162967398,1.92015526523639,0.47749587159574,-0.357217745344302,0.540952007026,2.12513947257629,3.0284959430809,4.28448240638878,0.1726113801445,0.95530961556286,1.24016515777633,1.2164003359097,1.3210643516643,0.545598556941959,1.71690121025289,-0.390319759237591,0.879238659781463,6.77212206913824,1.37152089340708,2.4446875916549,1.66489725771041,2.11223791916305,0.376662923331349,0.755959132010564,0.515888280984459,1.19769952487992,1.50284027125166,0.794282598747325,2.05400828432277,0.774884082759846,1.3433562005301,3.05442743475512,2.01200395879915,1.26001434127419,0.668571373145115,-0.021945896581037,-2.1261040969994,0.722349925677594,1.30641187663302,0.430931084328009,-0.0312103173484319,0.96476920822811,-0.309717657894037,-1.99944880023324,-0.450874899737355,0.703369381494199,0.288376159568798,0.777363040703228,0.484456543226945,0.406804295171088,-0.142003419908033,0.206616341916723,-0.79824991538488,0.630838577803405,0.812545353835129,-0.422843389746278,0.10946545296872,0.208660129793639,1.05524758293121,0.465445575157693,0.106081692037243,-0.072333961292131,1.31296272999622,0.920995440137991,0.312493870434584,0.347013696245967,1.22497714215072,1.17028904194837,0.418398670905103,1.33241698556557,1.47167856956408,1.29835158577071,1.7674309266124,-1.8775215559389,-0.583250866601935,0.913624790828611,0.417933704289873,0.928207825402464,1.65938562574447,0.64167676795948,0.953985314170455,0.390713134844277,0.420543032360098,-1.27412045492802,2.34303769354597,2.42565177911035,1.55417346799588,2.63976312788134,2.88549061276288,1.03770744042178,2.00406270612501,0.624228239235067,1.21660340703842,-17.7555469826359,1.57997167790834,-0.206905593385054,1.96052562195584,1.47857501080499,-1.29491741442489,-0.220860095301671,1.55750579946565,1.59303305298654,0.225750565215389,1.32196350651323,1.56996829406309,1.80704343942353,2.09668289628502,2.22160581878691,1.75593402353153,1.58434505956791,3.10062632725636,1.56528187116719,1.39298636233578,-0.292676098152007,-0.0881430196560515,1.98781553322859,2.17554454774446,0.298838030772575,1.46908089901385
B1,0,0,0,0,0,0,0,0,0,0,0,0,0,0,0,0,0,0,0,0,0,-0.000402048316935094,0.0221898472981915,0,0.00123708452745363,0.000301892097502435,0,0.0079089163741069,0,0,0,7.81920067579696e-08,-0.000427216979847697,0,0,-0.00271296642163318,0,-0.000917426060474194,0,0,0,0,0,0,0,0,0,0,0,0,0,0,0,0,-0.000369304614387966,0,0,0,0,0,0,0,0,0,0,0,0,0,0,0,0,0,0,0,0,0,0,0,0,0,0,0,0,0,0,0,0,0,0,0,0,0,0,0,0,0,0,0,0,0,0,0,0,0,0,0,0,0,0,0,0,0,0,0,0,0,0,0,0,0,0,0,0,0,0,0,0,0,0,0,0,0,0,0,0,0,0,0,0,0,0,0,0,0,0,0,0,0,0,0,0,0,0,0,0,0,0,-0.00620222447321312,0,0,0,0,0,0,0,0,0,0,0,0,0,0,0,0,0,0.00290762484841653,-0.000193671604903811,-0.000121170871930691,0,0,8.75188614424995e-05,0,0,0,0,0,-0.00044657696849991,0,-0.000349541132953341,0,0,0,0,0,0,0,-0.000201252484173356,0,-0.00088555726173816,0,-0.00233828348246801,0,0,0,0,0,0,-0.00480664194649104,0,0,0,0,-0.000338741451906786,0,0,-0.000702146746863944,0,0,0,0,0,0,0,0,0,0,0,0,0,0,0,-0.000369321854466624,0,0.000242385245760017,0,0,0,0,0,0,0,0,0,0,-3.11178259442966e-05,0,0,0,0.00198112026709902,0,0,0,0,0,-0.0204175591733172,0,0,0,0,0,0,-0.000822557273572654,0,0,0,0,0,0,0,0,0,0,0,0,0,0,0,0,0,0,0,0,0,0,0,0,0,0,0,0,0,0,0,0,0,0,0,0.000113289474239849,0,0,0,0,0,0,0,0,0,0,0,0,0,0,0,0,0.000218123745554829,0,0,0,0,0,0,0,0,0,0,0,0,0,3.16252074910519e-05,0,0,0,0,0,0,0,0,0,0,0,0,0,0,0,0,0,0,0,0,0,-0.000141018479499212,0,0,0,-0.0005975298724375,0,0,0,0,0,0,0,0,0,0,0.000335278039382038,0,0,0,0,0,0,0,0,0,0,0,0,0,0,0,0,0,0,0.000308875785388824,0,0,0,0,0,0,0,0,0,0,0,0,0,0,0,0,0,0,0,0,0,0,0,0,0,0,0,0,0,0,0,0,0,0,0,0,0,0,0,0,0,0,0,0,0,0,0,0,0,0,0,0,0,0,0,0,0.00330996884001879,0,0,0,0,0,0,0,0,0,0,0,0,0,0,0,0,0,0,0,0,0,0,0,0,0
B2,0,0,0,0,0,0,0,0,0,0,0,0,0,0,0,0,0.000179150499207258,0,0,0,0,-9.22522018858487e-06,-0.00271959314105122,2.89405823332027e-07,0,0,-0.000946211349400013,0,0,-0.0172636846255627,-0.00230934212786967,0.00516754200639257,0,0,0,0.000465032424488942,0,0.00180950298972391,0,0,0,0,0,0,0,0,0,0,0,0,5.87213197345427e-05,0,5.23748994498308e-05,0,-0.000805458792109724,0,0,0,0,0,0,0,0,0,0,0,0,0,0,0,0,0.000484977629458249,0,0,0,0,0,0,0,0,0,0.000268944699762634,0,0,0,0,0,0,0,0,0,0,0,0,0,0,0,0,0,0,0,0,0.000288199822399282,0,0,0,0,0,0,0,0,0,0,0,0,0,0,0,0,0,0,0,0,0,0,0,0,0,0,0,0,0,0,0,0,0,0,0,0,0,0,0,0,0,0,0,0,0,0,0,0,0,0,0,0,0,0,0.00324122213360506,0,0,0,0,0,0,0,0,0,0,0,0,0,0,0,0,0,-0.000545385722294566,0,0,0,0,0,0,0,0,0,0,-0.00284679674786508,0,0.000133423746001954,0,0,0,0,0,0,0,-0.00421739816292258,0,0,0,0,0,0,0,0,0,0,0.00655488573226111,0.000882205728460873,0,0,0,0,0,0,0,0,0,0,0,0,0,0,0,0,0,0,0,0,-0.00321581379182164,0,0,0,0,0,0,0,0,0,0,0,0,0,0,-0.000221880455724703,0,0,0,0,0,0,0,0,0,0.00771470709827816,0,0,0,0,0,0,0.00044116237265225,0,0,0,3.45001146248603e-05,0,-4.03647965319207e-05,0,0,0,0,0,0,0,0,-0.000432761248491944,0,0,0,0,0,0,0,0,0,0,0,0,0,-0.00126606729087421,0,-0.000180675374852406,0,0,0,0,-0.000177094374123867,0,0,0,0,0,0,0,0,0,0,0,0,0,0,0,0,0,0,0,0,0,0,0,0,0,0,0,0,0,0,0.000345748791301392,0,0,0,0,-0.00262984280108342,0.00153751439750783,0,0,0,0,0,0,0,0,0,0,0,0,0,0,0,0,0,0,0,-0.00084043108878287,-0.00161849096380371,0,0,0,0,0,0,0,0,0,0,0,0,0,0,0,0.00124619894720708,0,0,0,0,0,0.000519454577169163,0,0,0,0,0,0.000391751736156405,0.000225401008427556,0,8.68639440554796e-05,0.000187973293641752,0,0,0,0,0,0,0.000617272131271576,0,0,0,0.000499453974218297,0,0,0,0,0,0,0,0,0,0,0,0,0,0,0,0.000363642926341785,0,6.70566743630773e-07,0,0,0,0.00010818713504289,0,0,0,0,0,0,0.000320253670073116,0,0,0,0.000193179308034462,0,0,0,0,0,0,0,0,0,0,0,0,0,0,0,0,0,0,0,0,0,0,0,0,0,0,0,0,0,0,0,0,0,0,0
B3,0,0,0,0.000148961807260684,9.01755301890135e-05,0.000151999789836426,0,0.000237956576971682,0,0,0,0.000354387173417746,0,0,0.000209398822687759,-0.000511164152573484,0.00135558181896604,0.000544426940251076,0,0,0,8.47446708403937e-05,-0.00533721185575217,0.000635020911325396,0.0011345523520535,9.70383214661395e-05,0.0011548933546352,-0.00179749689083705,0,0.0160153669655053,0,-0.00391683532609731,0,0.000315453629580049,0.000154386563156161,0.00214550620045739,0.00186435490525395,0.000631023248087682,0,0,0,0,0,0,0,0,0,0,2.79423349389356e-05,0,0.000212321765869853,0,0.000679868643534839,0,0.00211241370711626,0,0,0.00215555043393763,0,0,0,0,0,0,0.000187807218491566,0,0,0,0,0.000288800586554822,0,0.000374735994397418,0,0.000259386511977443,0,0.000504440761223178,0.000866145289120455,0.000506962772518839,0.000855352565931735,0.000808430584268963,0.00119344079632486,6.08708257517053e-05,0,0,0,0.000280284083094231,0,0,0.00063575535607117,7.28418254494166e-05,0.000294178520329366,0,0,0,0,0,0,0,0.000343551567875671,0.000651729532792046,0,0.000127380753086135,0.000341778284505319,0,0.000332674512680074,0,0.000610774029301218,0,0,0,0,0,0,0.000468822351171602,0,0.000439753089776822,0.000470101349177786,0.000485015951345605,0,0,0,0,0.000384476405532006,0,0,0,0,0,1.24431926630271e-06,0,0,0,0.000219471344532507,0,0,0,0.000325163615445123,0,8.02352232044278e-05,8.17746156496609e-05,0,0,0,0,0,0.000159948945130484,5.9490995177932e-06,0,0.00044564707174014,0,0,0,0,0,0,0,0.000347623300632034,6.89269603689752e-05,0,0,0,1.96930093139337e-05,0,0,0,0,0,0,0,0,0,0,0.00041953900094983,0.000926606688051721,0,0.000146143541402566,0.000414300085590825,0.000778067076511541,0,0.001083807913671,0,0,0,0,0,0,0.00441613957598655,0,0,0,0,0,0,0,0,0,0.00442085907752232,0,0,0.000202309998415233,0.00191121248787085,0.00111644962574867,0,0,0,0,0,0,0,0.000218863938385478,0,0,0,0,0,0,0.000468198847732004,0,0,0,0,0.0012660063014941,0,0,0,0,0,0,0,0.00234683240302824,0,0.000465396820275407,0,0,0.000284773459332473,0.00098792716583549,6.07763352054578e-05,0,0,0.000368113745564454,0,0,0,0,0,0,0.000243465876870824,0,0,0,0,0,0,0,0.00300874607635124,0,0,0,0.000106622851360756,0,0,0.000391882600371977,0,0,0,0.000407383942487426,0,0,0.000377106457504333,0,0,0,0,0,0,0,0,0.000196052002762191,0,0,0,0,0,0,0,0,0,0,0.000233094214378106,6.69352735116848e-05,0.000682153330442705,0,0,0,0.000186442658571612,0,9.22934338598203e-05,0.000440144272597266,0,0.000214450870245658,0.000309787327377321,0.000126471017962532,0,0,0,0.000175011191746701,0,0,0,0,0,0.00107779477100059,0,0,0,0,0,0.000204693896875213,0,5.17171882879858e-05,0,0,0.000154165771684593,0,0,0.00020162754437482,0,0.00067333424011463,0,0.000476331554550156,0,0,0,0.00397348312200347,0,0.000242595444916125,0.00013631971514265,0.00028574714174558,0,0.000349718921574272,7.39277504322215e-05,0.000276766672211291,0,0,0.000541191025245268,0.00101337736899864,0,0,0,0.000555497035019551,0,0,0.000116082328091871,0.000540633883493307,0,-6.09812190193986e-05,0,0,0,0,0,0,6.52093107424914e-06,0.000131966156571784,0,0,0,0,0,0,0,0,0,0,0.000417004148410744,0.000778915414996564,0,0,0.000339190938613062,0,0,0.000321333357971234,0,0,0.00155624825580028,6.43591687911843e-05,0.00016253900078635,0,0,0,0.000838680078465662,0,0.000184243873140588,0,0,0,0,0,0,0,0,0.000807523140034722,0,0.000432258628888344,0,0,0,0,0,0,0,0,9.55994082678047e-05,0.00034527743439476,0,0,0,0,0,3.79815861436024e-05,7.5764782918303e-05,0,0.000771495704977352,0.000415827178183521,0.000294814318656978,0,0,0,0,0.000167239438378233,0.000225661242209332,0,0,0,0,0,0,0,0,0.000189458507283573,0,-0.00286817751277635,0,0,0,0,0.000579878999433521,0,0,0,0,0.000252160516484686,0,0,0,0,0,0,0,0,0,0,0.000301849659555414,0,0,0.000392163690532604,0
B4,0,0,0,0,9.20535521579947e-05,0,0,0,0,0,0,0,0,0,0,0,-0.000844339389613976,0.000397225169351048,0,0,0.000238214665167082,0.000357902905049759,-0.000763616601480218,0.000300995742877184,0,3.98699757522289e-05,0,-0.000330485039435749,0.000116999294980943,0.000162018237020954,0.00245710986958396,0,0.000986810391737127,0,0.000678158260321023,0.00135752949499449,0.00116706593697351,0,0,0,0,0,0,0,0,0,0,0,0,0,0,0,0,0,0.000158499757491584,0,0,0,0,0,0,0,0,0,0.000112311690717669,0,0,0,0,0,0,0,0,2.27286888277254e-07,0,0,0,0,0,0,0,0,0,0,0,8.98542396989426e-05,0,0,0,0,0,0,0,0,0,0,0,0,7.88103988088475e-05,0,0,0,0.00021179555247925,0,0,0,0,0,0,0,0,0,0,0,0,0,0,0,-0.000275515444910522,0,0,0,0,0,0,0,0,0,0,0,0,0,0,0,0,0,0.000125087668347387,0,1.08050888073057e-05,0,0,8.70592125099373e-05,0,0,0,0,0,0,0,0,-0.000655290590809471,0,0,0,0,7.11945236103724e-05,0,0.00126547547182917,0,0,0.00120284638137938,0,0,0,0,0,0,0,0,0,0,0,0,0,0,-0.00125994944868243,0,0.000178717015220255,0,0,0,0,0,0,0,0.000324843252985982,0.00197502218657976,0,0.00021824010559367,0,0,0,0,0,0,0,-3.02428103133701e-05,6.9951056236065e-06,0,0,0,0.000453488919179266,0.000320351786992383,0,0,0,0,0,0.000634391429457835,0,0,0.000195614672156969,0.000410947195227972,0,0,7.4014596929851e-05,0,0,0.000148216065954226,0.00026526282840714,0,-0.000193863573163505,0.0023468068348811,0,0,0,0,0,0,0.000504650371398468,0,-5.89419890021243e-05,0,-0.00035858936403832,0,-0.000352049189233296,0,0.000190586487838694,0,0,0,0,0,0,0,0,0,0,0.000703733785217713,0,0,0,0,9.33323592145967e-05,0.000427505332514453,0.000262412767702217,0,0,0.00191801753811097,0,0,0.000132338535834458,0,0,0.000439459004278732,-0.000251023954957991,9.08087370377508e-05,0,0,0,0,0,0,0,0,0.00010236740969107,0.000188779729669322,8.71838144497684e-05,0.000379289311590188,0.000202812661174383,0.000110121851909816,6.92835558588504e-05,0,0,0,0,0,0,0,0,0.000953994933959044,0.000222580917775123,0,0.000173957006187762,-4.52764149849906e-05,0,0.0001944839496601,0.000138386055231697,0,5.27161273939557e-05,0,3.99173532142301e-05,0,0,0,0,0,0,0,0,0,0,0,0,0.000163008894548345,0,0,0,0,0,0,0,0,0,0,0,0.000511670326128085,0,0.000406657686360901,0,0,0,0,0.000920734468006657,0,0,4.10282231109477e-05,0,0,8.75927315125856e-05,0.000210697272532213,0,0,0,0,0,0,0,0,0,-3.58260702413105e-06,0,0,0,0.000848591795614087,0.00113899996137335,0,0,0,0,0,0.000517041096617798,0,6.61866006029853e-05,0,0,0,0,0,0,0,0.000362448410457045,0,0,0,0,0,0,0,0,0,0.000160011818847441,0,0,0,0,0,0,0,0,0,0,0,0,0,0,0,0,0,0,0,0,0,0,0,0,0,0,0,0,0,0,0,0,0,0,0,0,0,0,0,0,0,0,0,0,0,0,0,0,0,0,0,0,0,0,0,0,0,0.00014004918325405,0,-0.00410512881969178,0.000962789697345612,0,0,0,0,0,0,0,0,0,0,0,0,0,0,0,0,0,0,0,0,0,0,0,0
B5,0,0,0,0,0,0,0,0,0,0,0,0,0,0,0,0.00163051685711986,-2.01634401078972e-05,0,0.00185244213452381,0,0,-0.00166478653012731,0.00269606458400974,-0.000408708304268586,0,0.000614355706836122,-0.000961000419436929,0,0,0.00286553949421412,0,0,-0.000273191721022497,0,0,-0.00309719698434219,-0.000119670397391146,0,0,0,0,0,0,0,0,0,0,0,0,0,0,0,0,0,0,0,0,0,0,0,0,0,0,0,0,0,0,0,0,0,0,0.000127508609760488,0,0,0,0,0,0,0,0,0,0.000170070018098886,0,0,0,0,0,0,0,0,0,0,0,0,0,0,0,0,0,0,0,0,0,0,0,0,0,0,0,0,0,0,0,0,0,0,0,0,0,0,0,0,0,0,0,0,0,0,0,0,0,0,0,0,0,0,0,0,0,0,0,0,0,0,0,0,0,0,0,0,0,0,0,0,0.000349136043443108,0,0,-0.00160409385362197,0,0,0,0,0,0,0,0,0,0.000644547156944996,0,0,0,0,0,0,0,0,0,-0.00198897778495428,0,0,0,0,0,0,0,0,-0.0031303452755828,0,0,0,0,0,0,0,0,0,-1.96455038643816e-05,0,0,0,0,-0.001214373551288,0,0.000820030519499828,0,0,0,-0.00385912362599857,0,0.00101051199735466,0,0,0,0,0,0.0014396258844391,0,0,0,2.00691729793867e-05,0,-0.00058302924359523,0,0,0,0,0,0,0,0,0,0,0,0,0,0.000958507032915681,0,0,0,0,0,-0.00113663547023505,0.00105939548667185,0,0,0.00166218977127555,0,0,-4.66673692999966e-06,0,0,0,0,0,0.0250505955470947,0,0,0,0,0,0,0.0017295899392011,0,0,0,0,0,0,0,0,0,0,0,0,-0.00186764275428499,0,0,0,0,0,0,0,0,0,0,0,0,0,0,0,-0.000765275439508607,0.000639388118805838,0,0,0,0,0,-0.000336313380525271,0,0,0,0,0,0,0,0,0,0,0,0,0,0,0,0,0,0,0,0,0,0,0,0,0,0,0,0,0,0,0,0,0.000529274084853945,0,0,0,0,0,0,0,0,0,0,0,0,0,0,0,0,0,0,0,0,0.00274010864544323,0,0,0.000633127681828138,0.000256899555534852,0,0,0,0,0,0,0,0,0,0,0,0,0,0,0,0,0,0,0,0,0,0,0,0,0,0,-0.000833739959510276,0,0,0,0,0,0,0,0,0,0,0,0,0,0,0,0,0,0,0,0,0,0,0,0,0,0,0,0,0,0,0,0,0,0,0,0,0,0.000781807908701462,0.00062440165315547,0,0,0,0,0,0,0,0,0,0,0,0,0,0,0,0,0,0,0,-0.012461216967303,0,0,0,0,0,0,0,0,0,0,0,0,0,0,0,0,0,0,0,0,0,0,0,0,0
B7,0,0,0,0,0,0,0,0,0,0,0,0,0,0,0,-0.00126203193716535,6.87501416431893e-05,0,0,0,0,0.0039334659071,-0.00613024226892398,0,-0.00357616849848535,0,0.00161126894509358,0,0,-0.00450814395567255,0,-0.00745275319275463,-0.000138030411959882,0,0,0,0,-0.0012179132106516,0,0,0,0,0,0,0,0,0,0,0,0,9.04487032765552e-05,0,0,0,0,0,0,0,0,0,0,0,-0.000301626992551174,0,0,0,0,0,0,0,0,0.000691223908011102,0,0,0,0,0,0,0,0,0,0,0,0,0,0,0,0,0,0,0,0.00162676516795815,0,0,0,0,0,0,0,0,0,0,0,0,0,0,0,0,0,0,0,0,0,0,0,0,0.000230502058834475,0,0,0,0,0,0,0,0,0,0,0,0,0,0,0,0,0,0,0,0,0,0,0,0,0,0,0,0,0,0,0,0,0,0.00131328891617662,0,0,0,0,0,0,0,0,0,-0.00344225890798971,0,0,0,0,0,0,0,0,0,0,0,0,0.000252638322659973,0,0.00102109308125444,0.000253028850170519,0.0024235192695326,0,0,0,0,0,0,0,0,-0.00180485411786905,0,0.000346527944212639,0,0,0,0,0,0,0,0.00330500580198257,0,0.00291361880686325,0,0,0,0,0.000186372779593463,0,0,0,0,0,3.15061056636368e-05,0,0,0.000220947877926302,0,0,0.000637205757387741,0,0,0,0,0,-0.00138316903895524,-0.00358433593913016,0,0,0,0,0,0,0,0,0.000382037308437765,0,0.000799977442921585,0,0,0,0,0,0.000226736414403776,0,0,0,0,0.00057880291194491,0,0,0,0,0,0,0,0,0,-0.0375606850898235,0,0,0,0,0,0,-0.00263590875439019,0,0,0,0,0,0,0,0,0,0,0,0,0,0,0,-0.000414396771021214,0,0,0,0.00336656358200567,0,0,0,0,0,0,0,0,0,0,0,0,0,0,0,0,0,0,0.000384883338713926,0,0,0,0,0,0.00103100233186668,0,0,0,0,0,0,0,0,0,0,0,0,0,0,0,0,0,0,0,0,0,0,0,0.000671881681303606,0,0,0,0,0,0,0,0,0,0,0,0,0,0,0,0,0,0,0,0,4.98125966877808e-06,0,0,-0.000293104486267343,-0.000670137203918856,0,0,0,0,0,0,0,0,0,0.00465777034227267,0,0,0,0,0,0,0,0,0,0,0,0,0,0,0,0.000300677274196951,0,0,-0.00340183584398698,0,0,0,0.0014002045004956,0,0,0,0,0,0,0,0,0,0,0,0.000371455857269234,0,0,0,0,0,0,0,0,0,0,0,0,0,0,0,0,0,0,0,0,0,0,0,0.00186451068202203,0,0,0,0,0,0,0,0,0,0,0,0,0,0,0,0,0.0174378964282827,0,0,0,0,0,0,0,0,0,0,0,0,0,0,0,0,0,0,0,0,0,0,0,0,0
B1.2,0,0,0,0,0,0,0,0,0,0,0,0,0,0,0,9.99861152694213e-08,-2.78033621261223e-07,0,0,0,0,7.11003251312062e-08,-8.14664752282652e-06,-2.64333587269946e-08,-6.74976708858541e-07,-2.31888826229852e-07,-2.63302822439355e-08,-3.47818647602689e-06,3.19985393185813e-07,0,0,1.33620350184325e-07,-4.95362548988527e-08,0,0,0,-1.62486621168086e-06,-5.16745828994491e-07,0,0,-8.67733628367181e-08,0,0,0,0,0,0,0,0,0,-4.68528847812208e-08,0,-3.10435573419958e-07,0,-4.78335390282482e-07,0,0,0,0,0,0,0,0,0,0,0,0,0,0,0,0,-1.54800389671712e-07,0,0,0,0,-1.0917358819229e-07,0,0,0,-8.38526639087529e-07,0,0,0,0,0,0,0,0,0,0,-1.35735713092284e-07,0,0,0,0,0,0,0,0,0,0,0,0,0,0,0,0,0,0,0,0,0,0,0,0,-1.15231643089479e-07,0,0,0,0,0,0,0,0,0,0,0,0,0,0,0,0,0,0,0,0,0,0,0,0,0,0,0,0,0,0,0,0,0,0,0,0,0,0,0,0,1.22869173816803e-06,0,0,-2.59989383856543e-07,0,0,0,0,0,-6.22321059526369e-07,4.44304275127925e-09,0,0,0,0,0,-3.31332992814363e-07,0,-3.68847231428189e-07,0,-2.00216740841771e-07,0,0,0,0,0,0,0,0,-3.0217639931158e-07,0,0,0,0,0,0,0,0,0,-3.31314075451152e-11,0,0,0,1.47003502127908e-11,-8.114687716797e-07,0,-3.10203099934069e-07,0,0,0,-8.19936908759498e-07,0,0,0,-1.58131048026848e-07,-1.89000549767056e-08,0,0,0,-2.09415281636753e-07,-8.8038718937222e-08,0,0,0,-2.77096108288817e-07,0,0,0,0,0,0,0,1.72546985350133e-07,0,-2.87287973818233e-08,0,0,0,-3.2828445616218e-07,0,0,0,-1.65070652457346e-07,8.82032866244536e-08,0,0,0,3.46807229005921e-08,-2.794293719845e-07,0,0,-9.93021623987053e-08,0,0,0,0,0,0,0,0,0,0,0,0,0,0,0,-1.81875841056545e-07,-2.82753944841631e-08,0,-7.25686431644388e-08,0,0,0,0,0,0,0,0,0,-4.26969269449717e-11,0,0,0,0,0,0,0,0,0,0,0,0,1.45702510928496e-07,0,0,0,2.12839045294863e-07,0,0,-7.80697109464819e-08,0,0,-5.97142502427916e-08,0,0,0,0,0,0,0,0,0,0,0,0,0,0,0,0,0,0,0,0,0,0,0,0,0,0,0,0,0,9.60717232628031e-08,0,0,-2.22751322050133e-06,0,0,0,0,0,0,0,0,0,0,0,0,0,0,0,0,0,-9.34304674493233e-07,-6.04439961481703e-08,-6.81212070459148e-08,1.09848550374443e-07,0,0,0,0,0,0,0,0,0,0,3.97763702619625e-10,0,0,0,0,0,0,0,0,0,0,0,0,0,0,0,-7.27645978470079e-08,0,0,6.98051368379058e-07,0,0,0,-4.15274926217439e-08,0,0,0,0,0,0,0,0,0,0,0,0,0,0,0,0,0,0,0,0,0,0,0,0,0,0,0,0,0,0,0,0,0,0,0,0,0,0,0,0,0,0,0,0,0,0,0,0,0,0,0,0,8.44870580528343e-07,0,0,0,0,0,0,0,0,0,0,0,0,0,0,0,0,0,0,0,0,0,0,0,0,0
B2.2,0,0,0,0,0,0,0,0,0,0,0,0,0,0,0,0,0,0,0,0,0,0,-8.08276269221119e-16,-2.47755633330047e-20,0,0,0,0,1.15126512160078e-07,0,0,2.66288943995514e-18,-2.40729871973558e-09,0,0,0,0,0,0,0,0,0,0,0,0,0,0,0,0,0,0,0,-2.73156265827364e-19,0,0,0,0,0,0,0,0,0,0,0,0,0,0,0,0,0,0,-1.75474040864983e-19,0,0,0,0,0,0,0,0,-2.20306845989861e-20,0,0,0,0,0,0,0,0,0,0,0,0,0,0,0,0,0,0,0,0,0,0,0,0,0,0,0,0,0,0,0,0,0,0,0,-3.64106290402953e-21,0,0,0,0,0,0,0,0,0,0,0,0,0,0,0,0,0,0,0,0,0,0,0,0,0,0,0,0,0,0,0,0,0,0,0,0,0,0,0,0,0,0,0,0,0,0,0,0,0,-3.02459530113579e-07,8.53990134547374e-08,0,0,0,0,0,-1.2505673950379e-20,0,-1.72887180548744e-23,0,0,0,0,0,0,0,0,0,0,-1.7188643469308e-19,0,0,0,0,0,0,0,0,0,-4.34474604018298e-23,0,0,0,0,0,0,-1.33132949541018e-20,0,0,0,-4.57640972837606e-22,0,0,0,-2.7228897950522e-20,-1.58593978842337e-19,0,0,0,-3.02057880755079e-20,-4.28830327996699e-21,0,0,0,0,-4.23507384460962e-07,0,0,0,0,0,0,2.89441634370304e-20,0,0,0,0,0,0,0,0,0,0,8.49073082082003e-21,0,0,0,4.19245853310153e-21,-1.87193206753724e-08,0,0,-1.1425642606503e-18,0,0,0,0,0,0,0,0,0,0,0,0,0,0,0,-7.92190208966841e-21,-3.96335445966632e-10,0,0,0,0,0,0,0,0,0,0,0,-1.2470268888007e-23,0,0,0,0,0,0,0,0,0,0,0,0,0,0,0,0,0,0,0,-1.46874559078148e-19,0,0,-1.60329790034554e-19,0,0,0,0,0,0,0,0,0,0,0,0,0,0,0,0,0,0,0,0,0,0,0,0,0,0,0,0,0,1.98943900911352e-20,0,0,-4.65372043082971e-19,0,0,0,0,0,0,0,0,0,0,0,0,0,0,0,0,0,-4.78114192282312e-20,-1.04106508413022e-19,-9.1218639516572e-22,5.95544577619843e-08,0,0,0,0,0,0,0,0,0,0,0,0,0,0,0,0,0,0,0,0,0,0,0,0,0,0,0,0,0,6.25743431611729e-21,0,0,0,-1.49021090147181e-22,0,0,0,0,0,0,0,0,0,0,0,0,0,0,0,0,0,0,0,0,0,0,0,0,0,0,0,0,0,0,0,0,0,0,0,0,0,0,0,0,0,0,0,0,0,0,0,0,0,0,0,0,5.44186877545596e-12,0,0,0,0,0,0,0,0,0,0,0,0,0,0,0,0,0,0,0,0,0,0,0,0,0
B3.2,0,0,0,0,0,0,0,0,0,0,0,0,0,0,0,3.31570114053569e-10,0,0,0,0,0,0,-3.43313721448435e-18,-2.02669369388186e-07,0,0,0,0,4.37248892496663e-20,0,0,5.34125453309795e-19,-1.89451210860971e-20,0,0,0,0,0,0,0,0,0,0,0,0,0,0,0,0,0,0,0,-7.33379987576774e-21,0,0,0,0,0,0,0,0,0,0,0,0,0,0,0,0,0,0,-2.75630028771666e-08,0,0,0,0,0,0,0,0,-9.06612534937701e-23,0,0,0,0,0,0,0,0,0,0,0,0,0,0,0,0,0,0,0,0,0,0,0,0,0,0,0,0,0,0,0,0,0,0,0,-1.71996467904697e-09,0,0,0,0,0,0,0,0,0,0,0,0,0,0,0,0,0,0,0,0,0,0,0,0,0,0,0,0,0,0,0,0,0,0,0,0,0,0,0,0,0,0,0,0,0,0,0,0,0,-2.66964677359739e-20,2.96346361780026e-22,0,0,0,0,0,-1.00355210553224e-20,0,0,0,0,0,0,0,0,0,0,0,0,-2.7584855074529e-19,0,0,0,0,0,0,0,0,0,-7.38549127680506e-24,0,0,0,2.02710518894108e-07,0,0,-6.3078085365225e-09,0,0,0,0,0,0,0,-2.23639125060983e-21,0,0,0,0,-8.1111624580101e-21,-3.79760502079512e-09,0,0,0,0,-6.28495333929417e-19,0,0,0,0,0,0,5.31099251925412e-20,0,0,0,0,0,0,0,0,0,0,7.64780407955972e-21,0,0,0,1.34805740614197e-23,0,0,0,-1.66828542461366e-19,0,0,0,0,0,0,0,0,0,0,0,0,-1.48972615968233e-08,0,0,-6.88861051275514e-21,-4.4117904225359e-22,0,-1.08112843823759e-20,0,0,0,0,0,0,0,0,0,-5.95594931964514e-24,0,0,0,0,0,0,0,0,0,0,0,0,0,0,0,0,0,0,0,-3.01294126481577e-20,0,0,-1.50414610872714e-20,0,0,0,0,0,0,0,0,0,0,0,0,0,0,0,0,0,0,0,0,0,0,0,0,0,0,0,0,0,2.82698095049455e-20,0,0,-1.44985027072581e-19,0,0,0,0,0,0,0,0,0,0,0,0,0,0,0,0,0,-2.00770457576884e-20,-6.07253830823571e-08,-3.68826268081446e-22,0,0,0,0,0,0,0,0,0,0,0,0,0,0,0,0,0,0,0,0,0,0,0,0,0,0,0,0,0,0,4.46560878937898e-23,0,0,0,-5.08507985336354e-23,0,0,0,0,0,0,0,0,0,0,0,0,0,0,0,0,0,0,0,0,0,0,0,0,0,0,0,0,0,0,0,0,0,0,0,0,0,0,0,0,0,0,0,0,0,0,0,0,0,0,0,0,6.84796066721446e-07,0,0,0,0,0,0,0,0,0,0,0,0,0,0,0,0,0,0,0,0,0,0,0,0,0
B4.2,0,0,0,0,0,0,0,0,0,0,0,0,0,0,0,0,0,0,0,0,0,0,-1.71618459670692e-18,-2.39830240014981e-21,0,0,0,0,4.36888480095578e-20,3.25509933379424e-06,0,4.41779921454388e-19,-9.4423496592335e-21,0,0,0,0,0,0,0,0,0,0,0,0,0,0,0,0,0,0,0,-2.27585136765646e-08,0,0,0,0,0,0,0,0,0,0,0,0,0,0,0,0,0,0,-1.20612905187433e-07,0,0,0,0,0,0,0,0,0,0,0,0,0,0,0,0,0,0,0,0,0,0,0,0,0,0,0,0,0,0,0,0,0,0,0,0,0,0,0,0,0,0,0,0,-5.93306079415093e-22,0,0,0,0,0,0,0,0,0,0,0,0,0,0,0,0,0,0,0,0,0,0,0,0,0,0,0,0,0,0,0,0,0,0,0,0,0,0,0,0,0,0,0,0,0,0,0,0,0,-4.81885699205305e-23,2.57692488504371e-24,0,0,0,0,0,-6.18144797010004e-21,0,-8.23272288327354e-25,0,0,0,0,0,0,0,0,0,0,-4.58933691971677e-20,0,0,0,0,0,0,0,0,0,0,0,0,0,0,0,0,-2.78701094696683e-21,0,0,0,0,0,0,0,-2.11400167968094e-21,-1.27877744591467e-24,0,0,0,-6.73920003481508e-21,0,0,0,0,0,-5.26539272823848e-19,0,0,0,0,0,0,6.31272260792049e-20,0,0,0,0,0,0,0,0,0,0,3.5121947552513e-23,0,0,0,0,0,0,0,-5.549155854988e-20,0,0,0,0,0,0,0,0,0,0,0,0,-9.51834044535959e-19,0,0,0,-1.16526909454943e-08,0,-1.20976296917542e-09,0,0,0,0,0,0,0,0,0,-2.75805539236344e-08,0,0,0,0,0,0,0,0,0,0,0,0,0,0,0,0,0,0,0,-2.99471782974632e-20,0,0,0,0,0,0,0,0,0,0,0,0,0,0,0,0,0,0,0,0,0,0,0,0,0,0,0,0,0,0,0,0,1.35931909216685e-20,0,0,-1.44088212472132e-19,0,0,0,0,0,0,0,0,0,0,0,0,0,0,0,0,0,-1.43847820167676e-22,-6.49372180084303e-20,-7.31066352804295e-22,0,0,0,0,0,0,0,0,0,0,0,0,0,0,0,0,0,0,0,0,0,0,0,0,0,0,0,0,0,0,5.58201098672372e-24,0,0,0,-7.30371374525917e-08,0,0,0,0,0,0,0,0,0,0,0,0,0,0,0,0,0,0,0,0,0,0,0,0,0,0,0,0,0,0,0,0,0,0,0,0,0,0,0,0,0,0,0,0,0,0,0,0,0,0,0,0,1.01777051500636e-19,0,0,0,0,0,0,0,0,0,0,0,0,0,0,0,0,0,0,0,0,0,0,0,0,0
B5.2,0,0,0,0,0,0,0,0,0,0,0,0,0,0,0,0,0,0,0,0,0,0,0,-6.93689645653862e-21,0,0,0,0,2.15698240801431e-20,1.06055704989508e-17,0,1.69958239780949e-10,-9.4423496592335e-21,0,0,0,0,0,0,0,0,0,0,0,0,0,0,0,0,0,0,0,-2.83660020447414e-21,0,0,0,0,0,0,0,0,0,0,0,0,0,0,0,0,0,0,-1.50808037740197e-20,0,0,0,0,0,0,0,0,0,0,0,0,0,0,0,0,0,0,0,0,0,0,0,0,0,0,0,0,0,0,0,0,0,0,0,0,0,0,0,0,0,0,0,0,-8.8995911912264e-22,0,0,0,0,0,0,0,0,0,0,0,0,0,0,0,0,0,0,0,0,0,0,0,0,0,0,0,0,0,0,0,0,0,0,0,0,0,0,0,0,0,0,0,0,0,0,0,0,0,0,0,0,0,0,0,0,-7.46551687210149e-23,0,-8.23272288327354e-25,0,0,0,0,0,0,0,0,0,0,-9.13119677087813e-20,0,0,0,0,0,0,0,0,0,-1.87105497595549e-07,0,0,0,0,0,0,-1.15625503083555e-21,0,0,0,0,0,0,0,0,0,0,0,0,-1.07940413589923e-08,0,0,0,0,0,-6.16941813182137e-23,0,0,0,0,0,0,7.70652668071155e-20,0,0,0,0,0,0,0,0,0,0,0,0,0,0,0,0,0,0,-1.90386348654732e-06,0,0,0,0,0,0,0,0,0,0,0,0,-6.17589426277158e-08,0,0,0,-6.21082666761014e-22,0,0,0,0,0,0,0,0,0,0,0,-7.14926736069308e-09,0,0,0,0,0,0,0,0,0,0,0,0,0,0,0,0,0,0,0,-3.37471019804634e-24,0,0,-1.31023180202713e-23,0,0,0,0,0,0,0,0,0,0,0,0,0,0,0,0,0,0,0,0,0,0,0,0,0,0,0,0,0,1.03739205502049e-19,0,0,-4.77940852909661e-08,0,0,0,0,0,0,0,0,0,0,0,0,0,0,0,0,0,-2.01386948234746e-20,-7.28730984271466e-24,-3.29309167929863e-24,0,0,0,0,0,0,0,0,0,0,0,0,0,0,0,0,0,0,0,0,0,0,0,0,0,0,0,0,0,0,3.34920659203423e-23,0,0,0,-8.55211554783042e-21,0,0,0,0,0,0,0,0,0,0,0,0,0,0,0,0,0,0,0,0,0,0,0,0,0,0,0,0,0,0,0,0,0,0,0,0,0,0,0,0,0,0,0,0,0,0,0,0,0,0,0,0,0,0,0,0,0,0,0,0,0,0,0,0,0,0,0,0,0,0,0,0,0,0,0,0,0,0
B7.2,0,0,0,0,0,0,0,0,0,0,0,0,0,0,0,0,0,0,0,0,0,0,-3.11359893449975e-23,-4.33719326472848e-21,0,0,0,0,6.2430292865952e-20,6.03189118405222e-20,0,4.26528303335132e-21,-6.29489977282233e-21,0,0,0,0,0,0,0,0,0,0,0,0,0,0,0,0,0,0,0,-4.1669317475953e-23,0,0,0,0,0,0,0,0,0,0,0,0,0,0,0,0,0,0,-6.75966103721188e-24,0,0,0,0,0,0,0,0,0,0,0,0,0,0,0,0,0,0,0,0,0,0,0,0,0,0,0,0,0,0,0,0,0,0,0,0,0,0,0,0,0,0,0,0,-6.07432414639262e-22,0,0,0,0,0,0,0,0,0,0,0,0,0,0,0,0,0,0,0,0,0,0,0,0,0,0,0,0,0,0,0,0,0,0,0,0,0,0,0,0,0,0,0,0,0,0,0,0,0,0,0,0,0,0,0,0,-5.4796893841225e-21,0,0,0,0,0,0,0,0,0,0,0,0,-3.32974253143928e-08,0,0,0,0,0,0,0,0,0,-6.00368028370248e-19,0,0,0,0,0,0,0,0,0,0,0,0,0,0,0,0,0,0,0,-1.50765101450002e-23,0,0,0,0,0,-2.5705908882589e-23,0,0,0,0,0,0,1.02990448728403e-22,0,0,0,0,0,0,0,0,0,0,0,0,0,0,0,0,0,0,-1.59759356631427e-18,0,0,0,0,0,0,0,0,0,0,0,0,-7.02625696884892e-20,0,0,0,-1.63407846014128e-21,0,0,0,0,0,0,0,0,0,0,0,-2.62297085106831e-08,0,0,0,0,0,0,0,0,0,0,0,0,0,0,0,0,0,0,0,0,0,0,-1.96534770304069e-23,0,0,0,0,0,0,0,0,0,0,0,0,0,0,0,0,0,0,0,0,0,0,0,0,0,0,0,0,0,2.20867887024471e-07,0,0,-9.00426770367431e-20,0,0,0,0,0,0,0,0,0,0,0,0,0,0,0,0,-2.27589890516026e-08,-3.08245328930734e-23,-1.0930964764072e-23,0,0,0,0,0,0,0,0,0,0,0,0,0,0,0,0,0,0,0,0,0,0,0,0,0,0,0,0,0,0,0,0,0,0,0,-5.08507985336354e-23,0,0,0,0,0,0,0,0,0,0,0,0,0,0,0,0,0,0,0,0,0,0,0,0,0,0,0,0,0,0,0,0,0,0,0,0,0,0,0,0,0,0,0,0,0,0,0,0,0,0,0,0,1.17958936317828e-20,0,0,0,0,0,0,0,0,0,0,0,0,0,0,0,0,0,0,0,0,0,0,0,0,0
B2.B1,0,0,0,0,0,0,0,0,0,0,0,0,0,0,0,0.669116786761611,0.280143325817238,0,0.35893258124612,0,0,0.152154481112672,10.730723329427,0,0.000534100635860809,-0.184398309081719,3.36387076797966,-1.2439034141725,0,3.18461778377931,0,5.50018292378293,0,0,1.05243602439299,0.00683843203333482,0.443224124387233,0,0,0,0,0,0,0,0,0,0,0,0,0,0,0,0,0,0,0,0,0,0,0,0,0,0.587094949122547,0,0,0,0,0,0,0,0,0,0,0,0,0,0.3368714294409,0,0,0,0,0,0,0,0,0,0,0,0,0,0,0,0,0,0,0,0,0,0,0,0,0,0.344962184759431,0,0,0,0,0,0,0,0,0,0,0,0,0,0,0,0,0,0,0,0,0,0,0,0,0,0,0,0,0,0,0,0,0,0,0,0,-0.267410002543186,0,0,0,0,0,0,0,0,0,0,-0.374555033348421,0,0,0,0,0.299834384714041,0,-4.52319832306214,0.0986319396773832,0,0,0,0,0,0,0,0,0,0,0,0,0,0,0,0,1.94898418059309,0,1.47233287759158,0,0,-0.194164689875377,0,0.241501864680174,0,0,0,-3.03446817412379,0,-0.196937261704303,0,0,0,0,0,0,0,-3.53363852208219,0,0,0,0,-4.28474198971196,0,0,0,0,0,0,0,0,0,0,0.0480945429413978,0,0,1.77291476040817,0,0,0,0,0,-0.518852151142809,0,0.322354051425385,0,0,0,0,0,1.96269702800598,0,0,0,-0.49238510152214,0,0,-0.00309851786730393,0,0,-0.00497124470672101,0,0,0,0,0.263892215757689,0.664236893937385,0,0,0.0778234479071082,0,0,0,0,0,-29.1913867031231,0,0,0,0,0,0,0,0,0,0,0,0,0,0,0,0,0,0,0,-0.344542362597265,-0.154223411503035,-0.432312363803589,-0.0470942769570435,0,0,0,0,0,0,0,0,0,0,0,0,0,0,-0.216679293364017,0,0,0,0,0.421639906924822,0,0,0.0968911004458568,0,0,0,0,0,0,0,0,0,0,0,0,0,0,0,0,0,0,0,0,0,0,0,0,0,0,0,0,0,0,0,0,0,1.94247952654911,0,0,0,0,0,0,0,0.31727751421596,0,0,0,0,0,0,0,0,0,-0.0933579413267806,-0.562991906389544,0,-0.035377392063142,0,0,0,0,0,0,0,0,0,0,0,0,0,0,0,0,0,0,0,0.248085746324176,0,0,0,0,0,0.0759341268860796,0,0.387462564441847,-0.262678521422041,0,0,0.17820490952578,-0.292275797710821,0,0,0.626190118357355,0,0,0.159522617295456,0,0,0,0.571829148392505,0,0.891547436321385,0,0,0,0,0,0,0,0.44035436515257,0,0,0,0,0,0,0,0,0,0,0,0,0.815808856512782,0,0,0,0,0,0,0,0,0,1.7945187617224,0,0,0,0,0,0,0,0,0,0.0883409695388676,0,0,0,0,0,0,0,0,0,0,0,0,0,0,0,0,-0.730791051107973,0,0,0,0,0,0,0,0
B3.B1,0,0,0,0,0,0,0,0,0,0,0,0,0,0,0,2.52690466758376,0.779162110255104,1.29840182096689,0.463411592183506,0,0,0,-4.52476593504433,0,0,0,-3.20846099642866,1.71121210155495,0.396959592951574,-4.22647605143484,0,-6.69065475738213,0,0,0,0,0,0,0,0,0,0,0,0,0,0,0,0.559591149923734,0.552179424759027,0.223885478607954,0.813756756567988,0,0.584616051820709,0,0.123949234591711,0,0,0,0,0,0,0,0,0,0.299059349275559,0,1.04891827573112,0,0,0.212232496459969,0.245490539728893,0.836472489005899,0.286220813539375,0.639709473010255,0,0,0.630838992208855,0.409475957070871,0,0.226550180972826,0,0,0,0,0,0,0,0,0,0.0567944660875407,0,0.472760665751121,0,0,0,0,0,0,0,0,0,0,0,0,0.230135415907822,0,0.131701013171372,0.0864606365431141,0,0,0.111181354669933,0,0,0,0,0.0995433675149244,0,0,0.598222637043084,0,0,0.566882598138825,0.178276301858039,0,0,0,0,0,0.528304014518132,0,0.203443380226474,0,0.483929042426042,0,0,0,0.229641237178904,0.28324547846437,0,0,0,0,0.220426898980888,0.507839351796561,0,0,0,0.536922177257312,0,0,0,0,0,0,0,0,0.375934689033894,5.97137350394304,0.181611080077051,0,-0.591520196850211,0.300844343876151,0,0,0,0.201285637403735,0.449492062430351,-1.86988256264579,0,0,0,0,0,0.125248165788314,0,0.81838091601088,0.240669928339437,-0.981512045104916,0,0,0,0,0,0,0,0,4.27738835653434,0,0.103135357936268,0,0,0.427516248467016,0,0,0,0,4.47567911782049,0.406640268139107,0.231567128739446,0.200182414409251,0,4.90888403515276,0,0.172363134904385,0,0,0.504903131414977,-2.72884659642456,0,0.0735623018805828,0,0.169767909485119,0,0,0.601590907251574,-2.39712491302032,0.103194377594473,0,0.38706124648463,0.989214265286618,0,0,2.65358730827171,0,0,0,0.0168374798121368,0,0.55786402326678,0,0,0.1577535536854,0,0,0.275210889007199,-0.380791070664217,0,0,0.406324656418126,-0.0161988200876783,0.354137707097041,0,0.0765662518694259,0,0,1.41564378805632,1.32064599838083,0,0,0,0,0,0.7171020111489,0,13.6204752411496,0,0.156090676531753,1.18511478412525,0.000477431825672677,0,0,0,0,0,0.706117266261047,0.191382172900839,0,0,1.02941331249305,0,0,0,0,0,0,0,0,0,0.367997663358493,0,0,0.271538994184718,0,0,0,0,0.043360187079156,0,0.0381936465012341,0,0.0480751033204363,0,0,0,0.615343033210317,0,0,-0.00677831693132902,0,0,0,0.27659015220462,0,0,0,0.181322539551655,0,0,0,0.329240763214702,0,0,0,0,0,0,0,0,0,0,-0.290693453604324,0,0,0,0,0.336542021690292,0,0.15583915899422,0,0.214549948809165,0,0,0,0.122811353818839,0,0,0,0,0,0,0,0,0,0,0,0,0,0.153194755545896,0,0,0,0,0,0,0.279834836671744,0,0,0.359548651771041,0,0,0,0,0.270828327631091,0.879004810340755,0.944444765014113,0,0,0,0,0,0,0,0,0,0,0,0,0,0,0,0,0.313107026003124,0.551197077781285,0,0,0.771520005196946,0,0.168934405193837,1.87628264987048,0,0.0466489712658096,1.87330084863808,0.0734544699802219,0,0,0,0,0,0,0,0,0.260636144125255,0,0.261216092438488,0,0,0,0,0,0,0,0,0.608013918191362,0.547870280882023,0,0,0.839474010647236,0,0,0.583674115555442,0,1.29690203274499,0.400425606045936,0,0.0289905130638981,0,0,0,0,0.395199558788322,0.509838058803729,0.116804628555336,0,0,0,0,0,0,0,0.0293149353178499,0,11.9112884408153,0.238114105848538,0,0,0,0.185161386269489,0,0,0,0.19326681655789,0.149621072182202,0,0,0,0,0,0,0,0,0,0,0,0,0,0,0
B4.B1,0.803345720837601,0.297902906838082,0,0.404818573341897,0.0237440282098699,0.126096536607161,0,0,0.186507689088721,0.531157348111481,0.180484684956569,0.228345437003108,0,0,0.287194949620315,0,-0.00124629414948941,0,0,0,0.189367495707409,0.146945099731997,-4.91031101848136,0,0,0,-0.553273550049821,-0.0111153510417034,0.260714041762675,1.84587153076492,-0.0650314907358811,0.441920944549509,-0.0445350887966621,3.19788994456576,0,0.51147587184521,0,-0.350259414615493,0,0.0644952456727026,0.488487264601242,0,0.278952183679597,0,0,0,0,0,0,0,-0.113927960157434,0,0,0,0.035671973858611,0,-0.690197710320722,-0.211632533939651,0,0,0,0,0,0,0.203770194560352,0,0,0,0,0,0,0,0,0,0,0,0.00540379130527095,0,0,0,0,0,0,0,0,0.0604964949188827,0,0,0,0,0,0.216577244580263,0,0,0,0,0,0,0,0,0,0,0,0,0,0,0,0,0,0,0,0,0,0,0,0,0,0,0,0,0,0,0,0,0,0,0,0,0,0,0,0,0.0904673588676499,0,0,0,0.0616001629800573,0,0,0,0,0,0,0,0,0,0,0,0,0,0,0,0,0,0,0,0.0134967675714021,-0.253311840995807,0.133439499510052,0,0,0.0323559378815662,0,0,0,0.147960559603804,0,0.555910908036693,0,0,0,0,0,-0.0712088474792749,0,-1.75470195305461,0,-0.40310084121314,0,0,0,0,0.0246365327790275,0,0.0451732027278697,0,-0.0258333487245677,0,0,0,0,0,0,0,0,0,-0.90805811739369,0,0,0,0,-0.103896476526328,0,0,0,0,0.0555708405811639,0,0,0,0,0,0,0,0,0.321537402193665,0,0,0.0343445893618562,0,0,0.0501480302090585,-0.971001346945584,0,0,0,0,0,0.159914775563559,-1.97636418551443,0,0.0227704574481103,0,0.442632729846965,0,0.00662107718788519,0,0.00831871934377091,0,0.107899212832919,0.318893968206851,0,0,0,0,0,0,0,-0.828640928342932,0,0,0.543760807114057,0,0,0.809358535214535,0.0493648668009034,0,0.900802891733077,0,0,0,-0.493770896050446,0,0,0,0,0,0,0,0,0,0,0,0,0,0,0,-4.71542296696797e-05,0,0,0,0.492256155762907,0.099368722825715,0,0.283082272498631,0,0,0,0,0,0.000796144510217096,0,0,0,-0.383256605172039,0,0,-0.119726659658276,0,0,0.665978668235931,0,0,0,0,0,0.0744548022529729,0,0,0.00907835659268427,0,0,0,0,0,0,0,0,0,0,0,0,0.0189828830433672,0,0,0,0.126945911331402,0,0,0.114072884644122,0.56714440894379,0,0,-0.482505298075538,0,0.0901110803200926,0,0,0,0.0101924238601757,0,0,0.123478836087013,0,0,0,0,1.85097602455752,0.1947687912725,0,-0.101168602386299,-0.308585777749813,-0.157104074610657,0.437575869885282,-0.0255397928335352,-0.206370559575111,0,0,0,0,0,0,0,0.318098840768894,0.0397438104751582,-0.525393078461585,0,0,0,0,0,0,0,0,0,0,0,0,0,0,0,-0.0508128732524609,0,0,1.28386193273262,0,0,0,-0.24929578263632,0,0,0,0,0,0,0,0,0,0,0,0,0,0,0,0,0,0,0,0,0,0,0,0,0,0,0,0,0,0,0,0,0,0,0,0,0,0,0,0,0,0,0.410259540897256,0,0,0,0,0,0.76894429378272,0,0,0,0.976980636451834,0,0,0,0,0,0,0,0,0,0,0,0,0,0,0,0,0,0,0,0,0,0,0,0,0
B5.B1,0,0,0,0,0,0,0,0,0,0,0,0,0,0,0,-2.94892557492073,-1.50811979164676,0,0,0,-0.0234048446098115,-0.188974077809307,12.4261411956351,0,0,-0.754478783631079,-0.468983620793115,0,-0.664460917081279,6.92909394844173,-1.01425632165336,0.525274589139415,-0.742927053572011,0,0,1.44460962431052,-0.657683106045935,0,0,0,0,0,0,0,0,0,0,0,0,-0.558568616846924,-0.088254210973368,0,-0.184780370737278,0,-0.262858069093953,0,0,0,0,0,0,0,0,0,0,0,0,0,0,0,0,0,0,0,0,0,0,0,0,0,-0.524092172493562,0,0,0,0,0,0,0,0,0,0,-1.0241009868749,0,0,0,0,0,0,0,0,0,0,0,0,0,0,0,0,0,0,0,0,0,0,0,0,0,0,0,0,0,0.215943562578259,-0.313898118925463,0,0,0,0,0,0,0,0,0,0,0,0,0,0,0,0,0,0,0,0,0,0,0,0,0,0,0,0,0,0,0,0,0,0,-3.19303025326458,0,0,0.391465229936991,0,0,0,0,0,0,0,0,0,0,0,0,0,0,0,0,0,0,0,0,0,0,0,0,0,0,0,0,0,0,0,0,0,0,0,0,0,0,0,0,-0.793496202195079,0,0,0,0,0,0,0,0,0,0,0,0,0,0,0,0,0,0,0,1.14160313666397,-1.80197498773322,0,0,0,0,0,0,0,0,-0.538267763722588,0,0,0,0,0,0,0,0,0,0,0,0,0,0,0,0,0,0,0,0,0,0,-14.6230943366697,0,0,0,0,0,0,-2.63919685375262,0,0,0,0,0,0,0,0,0,0,0,0,0,0,-0.434122991471705,0,0,0,0,0,0,0,0,0,0,0,0,0,0,0,0,0,0,0,0,-0.586996821617983,0,0,-0.294173728179372,0,0,0,0,0,1.28517551869201,0,0,0,0,0,0,0,0,0,0,0,0,0,0,0,0,0,0,0,0,0,0,0,0.218030470394514,0,0,-0.31566902580919,0,0,0,0,0,0,0,0,0.207760027206894,0,0,0,0,0,0,0,0,-2.45290278467194,-0.540301865320776,-0.328036126452191,-1.70330618404541,0,0,0,0,0,0,0,0,0,0,0,0,0,0,0,0,0,0,0,0,0,0,0,0,0,0,0,0,0,0,0,0,0,-0.153742093056256,0,0,0,0,0,0,0,0,0,0,0,0,0,0,0,0,0,0,0,0,0,0,0,0,0,0,0,0,0,0,0,0,0,0,0,0,0,0,0,0,0,0,0,0,0,0,0,0,0,0,0,0,0,0,0,0,0,0,0,0,0,0,0,0,0,0,0,0,0,0,0,0,0,0,0,0,0,0
B7.B1,0,0,0,0,0,0,0,0,0,0,0,0,0,0,0,0,0,0,0,0,0,0,-9.03039967543313,0,0.542210810963461,2.25303768024814,0,1.68839063400694,1.34903104342848,-9.01334506669038,0,4.55928114351803,0,0,0,0,0,0,0,0,0,0,0,0,0,0,0,0,0,0,0,0,-0.28626411952953,0,-0.139348671880694,0,0,0,0,0,0,0,0,0,0,0,0,0,0,0,0,0,0,0,0,0,0,0,0,0,0,0,0,0,0,0,0,0,0,0,0,0,0,0,0,0,0,0,0,0,0,0,0,0,0,0,0,0,0,0,0,0,0,-1.42197978209188,0,0,0,0,0,0,0,0,-0.308899463613436,0,0,0,0,0,0,0,0,0,0,0,0,0,0,0,0,0,0,0,0,0,0,0,0,0,0,0,0,0,0,0,0,0,0,0,0,0,0.740806939463901,0,0,0,0,0,0,0,0,0,0,0,0,0,0,0.0381614437006462,0,-0.879541159451094,0,0,0,0,0,0,0,0,-1.47220698413308,0,0,0,0,0,0,0,0,0,2.57845617861253,0,0,0,-2.12803048541986,1.63305129022047,0,0.257093668563615,0,0,0,0.973389483202697,0,0,0,0,0,0,0,0,0,0,0,0,0,0,-2.26977306175463,0,0,0,0,0,0,-2.03117820066758,0,0,0,0.949242009901223,0,1.52777128874198,0,0,0,0,0,0,0,0,0,0,0,0,-0.176935276726744,0,0,0,0,0,18.3899250870737,0,0,0,0,0,0,0,0,0,0,-0.272987062347597,0,0,0,0,0,0,0,0,0,0,0,0,0,0,0,0,0,0,0,0,0,0,0,0,0,0,0,0,0.268419940200626,0,0,0,0,0,-3.18598765234653,0,0,0,0,0,3.0348942737222,0,0,0,0,0,0,0,0,0,0,0,0,0,0,0,0,0,0,0,0,0,0,0,0,0,0,0,0,0,0,0,0,0,0,0,1.64750341497742,0,0,0,0,0,0,0,0.500923730349079,-0.31908530016792,-0.111586107353954,-0.970185224484916,-0.146484711782765,0,0,0,0,0,0,0,0,0,0,0,0,0,0,0,0,0,0,0,0,0,0,0,0,0,0,0,0,0,-1.68504858078035,0,0,0,-0.571302940544752,0,0,0,0,0,0,0,0,0,0,0,0.253145435659426,0,0,0,0,0,0,0,0,0,0,0,0,0,0,0,0,0,0,0,0,0,0,0,0,0,0,0,0,0,0,0.325588531173326,0,0,0,0,0,0,0,0,0,-24.6419542965961,0,0,0,0,0,0,0,0,0,0,0,0,0,0,0,0,0,0,0,0,0,0,0,0,0
B3.B2,0.243298656969823,0.900463209031111,0,0.0778203987334088,0.277761816802041,0.105849150148308,0,0.0308496887425122,0,0.855727398865343,0,0.808427352092824,0,0.555438737262271,0.334370748631084,-0.929413499634801,0,0,0,0,0.199002681323073,1.04090716455606,13.4323082579176,2.1463709993322,0.411650299365328,0.0106576204600305,5.52175401965057,0.807417227667724,0.355735420712923,0,-0.154272214699633,10.8389626509523,0.396448999831035,0,0,-0.882581810331655,-0.228216356581104,-0.0460450969578437,0,0,0.221964995017505,0.740053737035381,0.682787462929895,0,0,0,0,1.18326398562069,1.13857979436013,0,0,0,0.354427420517913,0,0.42184430233902,0,0,0,0,0,0,0,0,0,1.80452429950864,0,0,0,0,0,0.853291126175929,0,0,0.519333668432235,0,0.573872207351343,0,0,0,0.604601018294499,1.21658471816719,1.49612493108775,0,0,0,0,0,0,0,0,0.605094623318964,0,0,0.181471626844017,0,0,0,0.93623339216954,0.603282349240658,0.272653913835678,0,0.134630628274287,0,0,0,0,0,0.323229363069236,0,0,0.31048311796831,0,0,0.00843930783781677,0.83170478376667,0,1.26472793413283,0.0166681734278369,0.595773272306313,0,0,0,0.581985448458828,0,0,0,0,0,0.705101729284565,0,0,0,0,0,0,1.63677471570859,0,1.80155621855718,2.14781632622197,3.19079774999353,1.14300007200229,0.51948945304677,0.213113785126622,0,0,1.56906572678427,2.00156420001252,0.137161855251616,0.83742596064789,0,0,0,0,0,0,0,0,-4.32392226764186,0,0,0,1.34898027408426,0,0,0,0.00517596801256363,0,-0.231309267874526,0,0,0,0,0.00517412572127029,0.383851758907304,0,0,0.332843737720101,2.16840573748538,0,0,1.08475834618218,0,0,0.235290413050232,1.48313574869767,1.03319447868863,-7.24915731964762,0,0.677123960595764,0,0,0,0,0,0,0,-5.81523980693045,0.0748100016211775,0.136008293375567,0.584209765432543,0.774246997774,-9.67006360788054,0,1.18390516775222,0,0,0,3.05822951287504,0,1.70635919998894,0,1.03570447087831,1.89916085997989,0,0,4.4515082981667,0.673909757332202,0.501587427036622,0.388006679559563,0.247726652700116,0,0.874761492732738,0.17165908504948,0,0,0,1.66682245185329,0,0.407426682849621,0,0,0.113883529467023,0,0.399106391727815,0.53726009636614,0.723336506177524,1.62433856033182,1.73128632145548,0.881386127388838,0.531667529933277,0.858624117096797,0,0,0,1.901305097997,0,0,0,5.91377166342782,0,2.72638070714762,0.942982368838885,0.740987371558727,0,-29.6481458582263,0,1.47131787025236,0,0.13346482709821,0,0,-0.159220127333756,0,0,0,0.806610019328816,1.08736656342044,1.49358616408682,0,0.836947739592728,0,1.29371193857198,0,0,4.61660603988167,0.728735519323745,0.766295474696957,0.584657842840139,0.836630375759347,0,0,1.58591616662923,1.161078961179,0.20549395859709,1.15635684406958,0.604937653812492,0.35068013378414,0,0,0.874454765925459,0.164408925925981,0,0.65848164921818,0.974033519382662,0.603351961219518,0,1.11194503804827,0,0,0.36277538488159,0.451108217904871,0.833792574818026,0,0,0,0.497191540542975,2.53104533316432,0,0,0,0,0,0,0,0.482794058678179,0,1.00925473933699,0,0,0,0,0.806368283406082,0.847657935623982,0.162005134410695,0,0.123370662075172,1.38443280822821,0,0,0.319829336921371,0,0,0,-1.53807795486663,0,0.931377882714321,1.18628572968457,1.16348963192826,1.21499514042866,0.455098097370347,1.18542787700333,0,0,0,0.657102934710465,0.0817899129235825,0.175378123893897,0,0.248824907365392,0,1.79554501717056,2.22558646739767,1.63231399351508,0,0.345436395744152,0.173992621738531,0,0.368858088356463,0,0,0,1.05067604238608,0.355584611131481,0.553697336063709,0,0,0,0,0.635946832007834,0,0,0,0,0,0,0,0,0,0.244127375966183,0,0,0.20204606749055,1.14021580161698,0,1.19241275931038,0.589842186178462,0,0,0,0,1.35080713172425,0,2.11504226724253,0,0,0,0,0,0,0,0,0,0,1.09693398966762,0,0,0,0,0,1.90591932646037,0,0,0,0,0,0,0,0,0,0,1.8418080221388,1.35405768659312,1.36456617637965,0.041241812692227,0,0,0,0,0,0.248945481698673,0.260678315417071,0,0,0,0,0,0,0.766301632958207,0.164318469999145,0.770185020632197,0,0.958828978330573,0,1.98964084628041,0,0,2.93894943830296,2.65808081452319,0,0,1.59511062592432,0,0,0,0,0,0,0,0,0,0,2.5250597632393,1.43226036082526,0,0,1.79499677259994,0
B4.B2,0,0,0,0,0.279169069352971,0,0,0,0.760396076386971,0,0.339509194233035,0,0,0,0.479434675041461,-0.233926048527253,1.54458916001284,0,0,0,0.956131616199972,0.419444460756104,7.31649068330849,0,-0.0971052746641395,1.32706575179723,1.49362470212287,0,0,-4.04797261422752,0,2.80739951436962,1.33099426014892,0,0,0,0,2.92606588516896,0,0,0,1.06672240703794,0.343347189578578,0,0,0,0,0,0,0,0,0,0,0,0,0,0,0,0,0,0,0,0,0,0,0,0,0,0,0,0,0,0,0,0,0,0,0,0,0,0,0,0,0,0,0,0,0,0,0,0,0.149542250191092,0,0,0,0,0,0,0,0,0,0,0,0,0,0,0,0,0,0,0,0,0,0,0,0,0,0,0,0,0,0,0,0,0,0,0,0,0,0,0,0,0,0,0,0,0,0,0,0,0,0,0,0,0,0,0,0,0,0,0,0,0,0,0,0,0,-5.77477728289932,0,0,0,0,0,0,0,0,0,0,0,0,0,0,0,0,0,5.28093661805765,0.00503805502816809,0.587935694793164,0,0,0,0,0,0,0.153998252184411,0.00592886387602143,-0.245219333382408,0,0.701975750936917,0,0,0,0,0,0,0,0,0.208478861991429,0,0.0488913416602172,0.0416671179844837,1.30688159983301,0,0.133713091189231,0,0,0,0.17118817844965,0,0,0,0.193940120843471,0.0346318069346373,0,0,0.0789713080062144,0,0.201145956725631,0.015992842605829,0,0,0,0,0,0,0,0,0,0,2.54015756494828,0,0.630303851065725,0,0,0,0.56409035441784,0.335706213497109,0.101486179801964,0,0.356595987667231,0,0,0,0,0.433566922969714,0,0,0,0,0,0,0,0,0.51396077854341,0,0,0.685539915015078,0,0,0,0,2.07932572268346,0,0,0,0,0.171551420171713,0,0,0,0,0.423409623285152,0,0,1.43754821884674,0.0454371474001795,0.259066236778835,0.630915725137262,0,0.14599139220079,0,0,0.0966877643513884,0.455397839900622,0.0205996962411776,0,0,0,0,0.502702355687907,0,0.144491913738275,1.17665427034439,0.39813450686396,0,0,0.196233889415096,1.47406827809468,0,0,0,0,0,0,0,0,0.0470771695691332,0,0,0,0,0,0,0,0,0,0,0,0,0,0,0,0,0.298737319063688,0,0,0.125635087960858,0,0,0,0,0,0,0,0,0.301017261339524,0,0,0,0,0,0,0,0,0,0,0,0.361965479192756,0,0,0,0,0,0,0,0,0,0,0,0,0,0,0,0,0,0,0,0,0,0,0,0,0,0,0,0,0,-0.0823536813608163,0,0,0,-0.100577138847759,0,0,0,0,0,0,0,0,0,0,0,0,0,0,0,0,0,0,0,0,0,0,0,0,0,0,0,0,0,0,0,0,0,0,0,0,0,0,0,0,0,0,0,0,0,0,0,0,0,0,0,0,0,0,0,0,0,0,0,2.71779268641585,0,0,0.142050577985336,0,0,0,0,0,0,0,0,0,0,0,0,0,0,0,0,0,0,0,0,0,0
B5.B2,0,0,0,0,0,0,0,0,0,0,0,0,0,0,0,-0.0844652330767743,0,0,0,0,0,0,-27.671777301341,0,-3.68157585134591,-1.33134845563515,0,-0.957414031743621,0,0,0,0.243331965534545,0,0,0,0,-0.254167554366672,0.30092947708993,0,0,0,0,0,0,0,0,0,0,0,0,0,0,0,0,-0.314971466048461,0,0,0,0,0,0,0,0,0,0,0,0,0,0,0,0,0,0,0,0,0,-0.0582039206616996,0,0,0,0,0,0,0,0,0,0,0,0,0,0,0,0,0,0,0,0,0,0,0,0,0,0,0,0,0,0,0,0,0,0,0,0,0,0,0,0,0,0,0,0,0,0,0,0,0,0,0,0,0,0,0,0,0,0,0,0,0,0,0,0,0,0,0,0,0,0,0,0,0,0.105413361984297,0,0,0,0,0,0,2.9429395577371,0,0,0.341972717003285,0,0,0,0,0,0,0,0,0,0,0,0,0,0,-0.786480559007433,0,0,0,0,0,0,0,0,0,0,0.987138374487444,0,-0.773605986171859,0,0,0,0,0,0,0,-0.105007068593048,0,-0.400851673668987,0,1.66380297821157,1.68892706962831,0,0,0,0,0,-1.21478606383136,0,0,0,0,0,0,0,0,-0.0916905058109725,0,0,0,0,0,1.70074195267065,0,0,0,0,0,0,0,0,0,0,0,0,-2.03349618050966,0,0,0,0,0,-0.60857233955254,0,0,0,0,-0.456840186851961,0,-6.52213627582828,0,0,0,0,0,0,0,0,0,0,0,0,0,0,0,0,0.1183759973122,0,0.37886107974366,0,0,0,0,0,0,0,0,0,0,0,0,0,0,0,0,0,0,0,0,0,0,0.547631147630281,0,0,0,-1.85967136260155,0,0,0,0,0,0,0,0,0,0,0,0,0,0,0,0,0,0,0,0,0,0,0,0,0,0,0,0,0,0,0,0,0,0,0,0,0,0,0,0,0,0,0,0,0,0,0,0,0,0,0,0,0,0,0,0,0,0,0,1.19410009869349,0,0,0,0,0,0,0,0,0,0,0,0,0,0,0,0,0,0,0,0,0,0,0,0,0,0,0,0,0,-0.553673703312654,0,0,0,0,0,0,0,0,0,0,0,0,0,0,0,0,0,0,0,0,0,0,0,0,0,0,0,0,0,0,0,0,0,0,0,0,0,0,0,0,0,0,0,0,0,0,0,0,0,0,0,0,0,0,0,0,-0.361176149588495,0,0,0,0,0,0,0,0,0,0,0,0,0,0,0,0,0,0,0,0,0,0,0,0,0
B7.B2,0,0,0,0,0,0,0,0,0,0,0,0,0,0,0,-0.190195606029097,0,0,0,0,0,0.455369885163491,22.0417370292506,0.40714954640591,10.5676654368666,0,0,-1.09202956364259,0,7.73755921024783,0,5.23793772415251,1.76915195102379,0,0,0,0,0,0,0,0,0,0,0,0,0,0,0,0,0,0,0,0,0,0,0,0,0,0,0,0,0,-0.0378764282324064,0,0,0,0,0,0,0,0,0,0,0,0,0,-0.585195923268729,0,0,0,0,0,0,0,0,0,0,0,0,0,0,0,0,0,0,0,0,0,0,0,0,0,0,0,0,0,0,0,0,0,0,0,0,0,0,0,0,0,0,0,0,0,0,0,0,0,0,0,0,0,0,0,0,0,0,0,0,0,0,0,0,0,0,0,0,0,0,0,0,0,0,0,0,0,0,0,0,7.55061627114798,0,0,0,0,0,0,0,0,0,0,0,0,0,0,0,0,0,-4.20790119856833,0,0.806651312789499,0,0,0,0,0,0,0,0,4.38867822521514,0,0,0,0,0,0,0,0,0,-6.39087316053893,0,0,0,0,0,0,0,0,0,0,4.52359407302342,-2.9404324860539,0,0,0,0,0,0,0,-0.347916629348471,0,0,0,0,0,0,0,0,0,0,0,0,0,0,0,0,0,0,0,0,0,0,0,0,0,0,0,0,0,0,0,0,0,0,0,0,0,0,0,0,0,0,0,0,5.05734784835399,0,0,0,0,0,0,0,0,0,0,0,0,0,0,0,0.305666487147729,0,0,0,0,0,0,0,0,0,0,0,0,0,0,0,0,0,0,0,0.377007810900649,0,0,3.31849795630108,0,0,0,0,0,0,0,0,0,0,0,0,0,0,0,0,0,0,0,0,0,0,0,0,0,0,0,0,0,0,0,0,2.58968371958597,0,0,0,0,0,0,0,0,0,0,0,0,0,0,0,0,0,0,0,0,0,0,0,0,0,0,0,0,0,0,0,0,0,0,0,0,0,0,0,0,0,-0.00160320192881931,0,0,0,0,0,0,0,0,-1.1798869641033,0,0,0,0,0,0,0,0,0,0,0,0,0,0,0,0,0,0,0,0,0,0,0,0,0,0,0,0,0,0,0,0,0,0,0,0,0,0,0,0,0,0,0,0,0,0,0,0,0,0,0,0,0,0,0,0,-14.5759372532548,0,0,0,0,0,0,0,0,0,0,0,0,0,0,0,0,0,0,0,0,0,0,0,0,0
B4.B3,0,0,0,0,0,0,0,-0.163500542133487,0,0,0,0,0,0,0,0,0,0,0,0,0,-0.266253173855855,1.39301902226208,0,0,-1.0621880736099,-0.0228314465104539,0.0616122152871999,0,0.237976673569828,0,-2.77650852868843,-1.21496061906995,0,0,0,0,-1.93159034096485,1.01495449206679,0,0.360909261117884,0,0,0,0,0,0,0,0,0,0,0,0,0,0,0,0,0,0,0,0,0,0,0,0,0,0,0,0,0,0,0,0,0,0,0,0,0,0,0,0,0,0,0,0,0,0,0,0,0,0,0,0,0,0,0,0,0,0,0,0,0,0,0,0,0,0,0,0,0,0,0,0,0,0,0,0.0230854535657431,0,-0.0417896411343212,0,0,0,0,0,0,0,0,0,-0.00105155531278975,0,0,0,0,0,0,0,0,0,0,-0.110584569879405,0,0,0,0,0,0,0,0,0,0,-0.271960810942414,0,0,0,0,0.166716557526151,0,3.77410442870453,0,0,-0.844174413971726,0,0,0,0,0,0,0,0,0,0,0,0,0,0,-0.983207681274626,0,-0.00017838628609505,0,0,0,0,0,0,0,0,0,0,-0.40390377830392,0,0,0,0,0,0,0,1.27422749872606,0,0,0,0,-1.12233481850486,0,0,0,0,0,0,0,0,0,0,0,0,0,-0.736404895290956,0,0,0,0,0,0.174164906304131,0,0,0,0,0,0,0,0.11091042017581,0,-0.249550501327379,0,0,0,0,0,0,0,-0.14945229615441,0,-0.410244568717697,0,0,0,0,0,0,-0.0465672333373654,0,0,0,0,0,0,0.243065928680374,0,0,0,0,0,0,0,0,0,0.138838791413328,0,0,0,0,0,0,0,0,0,0,0,-0.453427952140762,0,0,0,0,0,0,0,0,0,0,0,0,-0.17716981594113,0,0,0,1.17266034696341,0,0,-0.925458967912657,0,0,-0.153227276557098,0,0,0,0,0,0,0,0,0,0,-0.125996272204928,0,0,0,0,0,0,0,0,0,0,0,0,0,0,0,0,0,0,-1.58140902910042,0,0,-0.0906502506581906,0,0,0,0,0,0,0,0,0,0,0,0,0,0,0,0,0.416666238786827,1.97620919727273,0.776241729869867,0,-0.206149645517197,-0.502507322944538,0,0,0,0,0,0,0,0,0,0,0,0,0,0.969449412687928,0,0,0,0,0,0,0,0,0,0,0,-0.181871166380224,0,0,0,-0.0661453433741258,0,-0.203565649491678,0,0,0,-0.0842745930882324,0,0,-0.259248492106545,0,0,0,-0.0587935942917341,0,0,-0.202066670184019,0,-0.064293430748509,0,0,0,0,0,-0.156703343662135,0,0,0,0,-0.714425368080783,0,-0.152868908811703,0,0,0,-1.73299382409422,-0.43724033525771,0,0,0,0,0,0,0,-0.149496428002379,0,0,0,0,0,0,0,0,0,0,0,0,0,0,0,0,0,0,0,0,0,0,0,0,0,0,0,0,0.943459998641399,0,0,0,0,0,0,0,0
B5.B3,0,0,0,0,0,0,0,0,0,0,0,0,0,0,0,2.35141329890516,0,0,0,0,0,-1.72939735720191,-0.469824234170788,0,-1.08467432508543,0,0,1.72026405187456,-1.86063343651009,-7.76274168124478,0,-3.72871058626081,-0.513513566058092,0,0,0,0,0,0,-2.89111556933358,0,0,0,0,0,0,0,0,0,0,0,0,0,0,0,0,0,0,0,0,0,0,0,0,0,0,0,0,0,0,0,-0.382558675655482,0,0,0,0,0,0,-0.477398899141918,-0.284276769970163,0,0,0,0,0,0,0,0,0,0,-0.185687888552895,0,0,0,0,0,0,0,0,0,0,0,0,0,0,0,0,0,0,0,0,0,0,0,0,0,0,0,-0.234011346478931,0,0,0,0,0,0,0,0,0,0,0,0,0,0,0,0,0,0,0,0,0,0,0,-0.0813141189816368,0,0,-0.214405624109764,-0.230886053556253,-0.0379262442966266,0,0,1.33359822846653,0,0,0,0,0,0,2.0411106438966,0,0,0,0,0,0,0,0,0,0,0,0,0,0,0,0,0,0,0,0.426073639626228,0,0,0,0,0,0,0,0,-1.92429085014036,0,0,0,0,0,0,0,0,0,-1.67098563652467,0,0,0,0.983007099332871,0,0,0,0,0,0,-1.80793213700282,0,0,0,0,0,0,0,0,0,0,0,0,0,0,4.15047596147514,0,0,0,0,0,0,-2.62516900508797,0,0,0,-0.91280808667368,0,-0.552074127031245,0,0,-0.020625453744502,-0.681668577652425,0,0,0,0,-0.588533575876896,-1.26180670530213,-0.0219832951505663,0,0,0,0,0,0,0,1.06961175779942,0,0,0,0,0,0,-1.10294064714975,0,0,0,0,0,0,0,0,0,0,0,0,0,0,0,-0.200062251697266,0,0,0,0,0,0,0,0,0,0,0,0,0,0,0,0,-0.344019810118046,0,0,-0.117140635486489,0,0,-0.497640566914667,0,0,0,0,0,0,0,0,0,0,0,0,0,0,0,0,0,0,0,0,0,0,0,0,0,0,0,0,0,0,0,0,0.108805060649523,0,0,0,0,0,0,0,0,0,0,0,0,0,0,0,0,0,0,0,0,0,0,0,0,0,0,0,0,-0.343029697756376,0,0,-12.1539859301487,0,0,0,0,0,0,0,0,0,-0.163972503158907,0,0,0,0,0,0,0,0,0.128851583070003,0,0,0,0,0,0,0,-0.223193170733368,0,0,0,0,0,0,0,0,0,0,0,0,0,0,0,0,0,0,0,0,0,0,0,0,0,0,-1.03265008982871,0,0,0,0,0,0,0,0,0,-0.0137433526308497,0,0,0,0,0,0,0,0,0,0,0,28.8371384174834,0,0,0,0,0,0,0,0,0,0,0,0,0,0,0,0,0,0,0,0,0,0,0,0,0
B7.B3,0,0,0,0,0,0,0,-0.591392275742822,0,0,0,0,0,0,0,-0.00825219974662067,0,0,0,0,0,0,8.47094841090336,0,0,0,0,-1.22485349993269,1.69365840908238,6.40096004174905,0,0,0,0,0,-5.13511587163779,0,0,0,-0.992032117479977,0,0,0,0,0,0,0,0,0,0,0,0,0,0,0,0,0,0,0,0,0,0,0,0,0,0,0,0,0,0,0,-0.426607400577322,0,-0.101518449386846,0,0,0,-0.521436303055049,0,0,0,0,0,0,0,-0.0210961811837057,0,0,0,0,0,0.443706077705449,0,0,0,0,0,0,-0.191792554300626,0,0,0,0,0,0,0,0,0,0,0,0,0,0,-0.132009754352789,0,0,0,-0.0518085432749471,0,0,0,0,0,0,0,0,0,0,-0.51817631250623,0,0,0,0,0,0,0,-0.248410500851152,0,0,0,0,0,0,0,0,-0.000195228585630257,0,-0.10684075642806,0,0,0,0,0,0,0,0,0,-4.44854644749209,0,0,0.0751694682842823,0,0,0,0,0,-0.0838448245162482,0,0,0,0,0,0,0.292706659977377,0,2.8825535495896,0.21202101712299,0,0,0,0,0,0,0,0,0,0.599710066656156,0,0,0,0,0,0,0,0,0,2.46859760124771,0,0,-0.204948190927932,0,-1.66311719152496,0,0,0,0,0,0,0,0,0,0,0,0,0,0,-0.066646275445935,0,0,0,0,0,0,0,0,0,0,0,0,7.22104728856687,0,0.0928416879622151,0,0,0,0,0,0,0,0,-0.413443749117729,0,0,0,0,-0.316811285746809,0,0,8.13537653013397,0,0,0,0,0,0,0,0,0,0,0,0,0,0,0,0,0,0,0,0,0,0,0,0,0,0,0,0,-0.000125845790056658,-1.5885871847722,0,0,0,0,0,0,0,0,0,0,0,0,0,0,0,0,0,0,0.79392793140259,0,0,0,0,0,0,0,0,0,0,0,0,0,-1.36743137865632,0,0,0,0,0,0,0,0,0.826305105167466,0,0,0,0,0,0,0,-2.48371436035976,0,3.85274704614598,0,0,0,0,0,0,0,0,0,0,0,0,0,0,0,0,0,0,-0.865471594384418,-1.08573341481691,-4.29490798226015,0,0,-0.535585318646146,-1.59404288378426,0,0,0,0,0,0,0,0,0,0,0,0,0,0,0,0,0,0,0,-0.0275878021415918,0,0,0,-2.61604761432662,0,0,0,0,0,-0.403497198517775,0,0,0,0,0,0,0,0,0,0,0,0,0,0,0,0,0,0,0,0,0,0,0,0,0,0,-0.469277239662257,0,0,0,0,0,0,0,0,-0.411312487147092,0,0,0,0,0,0,0,0,0,0,0,0,0,0,0,0,0,0,0,0,0,0,0,0,0,0,0,0,0,0,0,0,0,0,0,0,0,0,0,0,0,0,0,-0.466885610461757,0
B5.B4,-0.957105164283979,0,0,0,0,0,0,0,-0.488480617454051,0,0,-0.130818938520362,0,0,-0.41232066928172,0,0.445187513434754,0,0,0,-0.612352517582473,0,6.24765506083095,-0.646825127505106,-1.44112021587831,0.0553988485926332,0,0,0,-2.26828778972724,0,-3.07082771203455,0,0,0,3.60958756149278,0,-1.29855610818173,0,0,-0.374645490652377,0,0,0,0,0,0,0,0,0,0,0,0,0,0.489402416730954,0,0,0,0,0,0,0,0,0,-0.651059204941829,0,0,0,0,0,0,0,0,-0.0526404179376846,0,0,0,0,0,0,0,0,0,0.118156373883295,0,0,0,0,0,-0.210636270402234,0,0,0,0,0,0,0,0,0,0,0,0,0,0,0,0,0,0,0,0,0,0,0,-0.587187947039537,0,0,-0.15851086533829,-0.225949641010029,0,0,0,0,0,0,0,0,0,0,0,0,0,0,0,0,0,0,-0.0830005296560562,0,0,0.820645781137241,0,0,0,0,0,-0.131069486329316,-0.219014681279515,0,0,0,0,0,0,0,0,0,-0.600593941797771,-0.958347482891909,0,0,0,0,0,0,0,-0.37931027974067,0,-0.200816897151153,0,0,0,0,0,-0.484583306823532,0,1.07791562453499,0,-0.129490573356423,0,0,0,0,0,-0.141539970228163,0,-0.150562417460077,6.46917187971461,0,0,0,0,0,0,0,0,0,1.56356598796771,0,-0.761325315841544,0,-3.53135632852093,-0.826114093316104,0,0,0,0,0,-0.285870535463987,0,0,0,-0.172321294508495,-0.339218340156175,0,0,-2.35075429016588,0,-0.259168457070847,-0.0787764096277713,0,0,-0.619569110616022,0,0,0,0,-0.0292593350867563,0,0,-0.316135435229177,0,0.116765784873071,0,-0.734648577169943,0,0,-0.267259748213267,-0.188185321201072,0,0.217343863333177,0,0,0,0,0,-0.157319972852852,0,0,0,0,0,0,0,-0.536881169513659,-14.2838506830952,0,-0.416083900885493,-1.05965555766992,-1.4800493478295,0,0,1.36621298706334,0,0,0,0.0859719262294221,0,0.25271948947411,-0.22196739987552,0,0,0,0,0,-0.207587515668384,-0.670398910888141,0,-0.133920881193328,0,0,0,0,0,0,0,0,0,0,0,0,0,0,0,-0.169587234909517,0,0,-0.222836970837442,0,0,0,1.11179009720543,0,0,0,0,-0.426651336690629,0,0,0,0,0,0,0,0,0,0,0,0,0,0,0,0,0,0,0,0,-0.232881625699918,0,-0.109072315524922,-0.040067263176621,-3.99409415353029,0,0,0,1.60707826650705,0,0,0,0,-0.325098968894108,-0.0422921359350419,0,0,0,0,0,0,0,-0.0185613892957459,0,-0.239772392314193,0,0,0,0,0,0,0,0,0,0,0,-0.34595680560863,0,0,0,0,0,0,0,0,0,0,0,0,-0.264693750883234,0,0,0,0,0,-0.319901559576506,0,0,0,0,0,0,-0.180607057142031,0,0,0.483091935528721,0,0,0,0,0,0,0,0,0,0,0,0,0,0,0,0,0,0,0,0,0,0,0,0,0,0,0,0,0,0,0,0,0,0,-1.14574485068758,0,0,0,0,0,0,0,0,0,0,0,0,0,0,0,-1.46462641941855,0,0,0,0,-0.273386299127313,0,0,-0.512638845907928,-0.333875827536047,0,0,0,0,0,0,0,0,0,0,0,0,0,-0.0248014317277187,0
B7.B4,0,0,0,0,0,0,0,0,0,0,0,0,0,0,-0.363036677481632,0,0.181029343190019,0,-0.153168320610399,0,0,0.0285183965830439,-11.0558239993662,-0.182908779500298,0.264627472908791,-1.16483666366657,-0.124130865740746,-1.43674372309326,0.770887581270883,0,0,2.16270950193302,0.283394127104384,0,0,0,0.0298335870439833,0.876727785397927,0,0,0,-0.00500427717349825,0,0,0,0,0,0,0,0,0,0,0.261817598930298,0,0,0,0,1.27699397403279,0,0,0,0,0,0,0,0,0,0,0,0,0,0,0,0,0,0,-0.0442855679219701,0,0,0,0,0,0,0,0,-0.421238491425264,0,0,0,0,0,1.12623317159412,0,0,0,0,0,0,0,0,0,0,-0.128695575738074,0,0,0,0,0,0,0,0,0,0,-0.561319477130126,0,0,0,0,0,0,0,0,-0.199701217886058,0,0,0,0,0,0,0,0,0,0,0,0,0,0,0,0,0,0,0,0,0,0,0,0,0,0,0,-0.882207753407107,0,0,0,0,0,0,0.289876461811811,-0.130810686351019,0,0,0,0,0,0,0,-0.50256340680732,0,0,0,0,0,0,0,0,0,-0.755776362006936,0,0,0,0,0,0,0,-1.38285052210778,0,-7.68834409164091,0,0.0782039534726439,0,0,0,0,0,0,0,-1.87490688022218,0,0,0,3.84887991868714,0.568931270833628,0,-1.75915452781791,0,0,0,0,0,0,0,-0.135693077843423,0,0,0,-0.145547882515202,-0.287384880411426,0,0,0,0,0.625710037042196,-0.735212847154248,0,0,0,-0.417853044583169,0,0,0,0,0,0,0,0,-0.782305346032295,0,0,0,0,-0.447291007605657,0,0,0,0,0,0,0,-1.09565574780635,0,0,0,0,-2.44538872968205,18.4544490529775,-0.698387339299395,0,0,0,0,0,-1.17127397189548,0,0,0,0.0376451090611005,0,0,0,0,0,0,0,0,0,0,0,0.323410918059475,0,0,0,0,0,-0.141106701680137,0,0,0,0,0,0,0,0,-0.887090445163824,-0.128428248720113,1.25683856102923,0,0,0,0,0,0,0,0,0,0,0,0,0,0,0,0,0,0,0,0,0,0,0,0,0,0,0,0,-0.866153072956652,0,0,0,0,0,0,-1.58890506347112,0,0,-1.67552835483301,0,-0.467981235072533,0,0,0,0,0,0,0,0,0,0,0,0,0,-0.16978946449789,0,5.30101467888147,0.129446937728837,1.44478475593221,0.299760477594725,0,0,0,0,0,0,0,0,0,0,0,0,0,0,0,0,0,0,0,0,0,0,0,0,0,0,-0.141843976586714,-0.900056901303816,0,5.37712941220043,0,0,0,-0.139832966726289,0,0,0,0,0,0,0,0,0,0,0,0,0,0,0,0,0,0,0,0,0,0,0,0,0,0,0,0,0,0,0,0,0,0,0,0,0,0,0,0,0,0,0,0,0,0,0,0,-0.625508359753784,0,0,0,-1.33789204979852,0,0,0,0,0,0,0,0,0,0,0,0,0,0,0,0,-1.5076664883125,0,0,0,0,0,0,0,0
B7.B5,0,0,0,0,0,0,0,0,0,0,0,0,0,0,0,0.984351517535435,-0.236391168856385,0,-0.125599944227314,0,0.26428857217546,-0.556444799069621,1.07549383923291,0.302273583822821,-3.49122044672203,-0.445746525085793,-0.164841212664475,0.719870730425776,-3.45406097901293,-0.27300863831364,0.335125082726951,-1.95578073012101,-0.094370127228299,0,0,1.03452165389051,0.200964998551197,0.0756869422394944,-1.14248710481403,0,0,-0.117778106553286,0,0,0,0,0,0,0,0,0.108856190925074,0,-4.0931876485658e-06,0,-0.149076890704638,0,0,0.0936823228846808,0,0,0,0,0,0,0,0,0,0,0,0,0,0,0.0565653677355715,0,0,0,0,0,0,0,-1.10211392062068,-0.253270516734852,0,0,0,0,0,0,0,0,0,-0.870439985220631,0,0,0,0,0,0,-0.0608838807329592,0,0,0,0,0,0,0,0,0,0,0,0,0,0,0,0,0,0.0433088018293318,0,0,0,0,0,0,0,0,0,0,0,-0.131192487995309,0,0,0,0,0,0,0,0,0,0,-0.398894676764455,0,0,0,0,0,0,0,0,0,0,0,0,0,0,0,0,0,-0.650765627493346,0,0,0,0,-0.652167349173602,0,0,0,-0.0499373011015665,-0.20416273156867,0,0,0,0,0,0,0,0.348653599630149,-0.0564814609888552,-0.628914484548783,0,0,0,0,0,0,0,0,1.76189647591529,0,0,0,0,0,0,0,0,0,0,0,-0.495172920637558,0,0,-0.413622191238967,0,0,0,0,0,-4.49292612336707,0,0,0,0,0,0,0,0,0,0,0,0,0,0.0122382252954639,1.23903544177636,-0.736769566482002,0,0,0,0,0,-1.20517452489572,0,-0.0480708465090944,0,0,0,-0.238946896430594,0.0363215427114628,0,0,0.0286612412811257,0,0,0,0,-0.0577610771942261,0,0,0,-3.66822474642336,0,0,0,0.391831284842193,0,4.33213065281599,0,0,0,0,0,0,0.212984130583588,0,0,0,0.0930264037989156,0,0,0.211437419882523,0,0,0,0,0,0,0,0.626190661095873,-0.105437179308617,0,0,0,0,0,0,0,0,0,0,0,0,0.115438902059137,0,-0.235083850073498,0,0,0,0.0728865741857945,-0.196187236624402,0,0,0.689040447449345,0,0,0,0,0,0,0,0,0,0,0,0,0,0,0,0,0,0,0,0,0,0,0,0,0,0.531363919277059,0,0,0,0,0,0,-0.365312076978203,-0.138973615874259,0,0,0,0,0,0,0,0,0,0,0,0,0,0,0,0.203708103088903,-0.489913901944324,0,0,-0.222697593723928,0.540285183753131,0,0,0,0,0,0,0,0,0,2.32042143642784,0,0,0,0,0,0,0,0,0,0,0,0,0,0,0,-0.0452417578781673,0.00615166506815273,0,0,0,0,0,-0.00585473030349719,0,0,-0.088700376319273,0,0,0,0,0,0,0,0,0.0858458171100447,0,0,0,0,0,0,0,0,0,0,0,0,0,0,0,0,0,0,0,-0.74402268611236,0,0,0,0,0,0,0,0,0,0,0,0,0,0,0,0,-0.174681620270724,0,0,0,6.89147015437852,0,0,0,0,0,0,0,0,0,0,0,0,0,0,0,0,0,0,0,0,0,0,0,0,0
